商品标题,商品价格,评论量,店铺名字,标签,商品详情页,好评数量,中评数量,差评数量,分数
【★★新款低价999】松下8公斤全自动波轮洗衣机,999,1000+,,,https://item.jd.com/10037760633582.html,(900+),-3,-3,99%
【10kg直驱变频低噪】创维全自动滚筒洗衣机,1299,20万+,,自营,https://item.jd.com/100031964454.html,(10万+),(800+),(800+),97%
【23年重磅新品】双擎热泵直驱洗干套,9999,80,,,https://item.jd.com/10067579620556.html,(40+),0,0,100%
【8公斤除菌除螨滚筒】创维超薄低噪节能全自动洗衣机,1149,20万+,,自营,https://item.jd.com/100002220113.html,(10万+),(800+),(800+),97%
【8公斤全自动洗衣机】创维桶自洁波轮,649,20万+,,自营,https://item.jd.com/5178968.html,(10万+),(600+),(600+),98%
【爆款】海尔洗衣机全自动10公斤 快洗快脱 省水省电,999,1000+,,,https://item.jd.com/10029960945551.html,(400+),-1,-1,99%
【超薄晶彩洗烘新品】海尔洗衣机全自动滚筒洗烘一体机10公斤大容量晶彩屏蒸汽除菌螨智能烘干以旧换新 晶彩屏+洗烘一体+智能烘干+空气洗+香薰洗+,2999,5000+,,"免邮,券999-100,满2800-301",https://item.jd.com/10059906916054.html,(3500+),-10,-10,98%
【超薄晶彩洗烘新品】海尔洗衣机全自动滚筒洗烘一体机10公斤大容量晶彩屏蒸汽除菌螨智能烘干以旧换新 晶彩屏+洗烘一体+智能烘干+空气洗+香薰洗+羽绒洗,2999,5000+,,,https://item.jd.com/10059906916054.html,(3500+),-10,-10,98%
【京东金榜TOP】10KG小天鹅洗衣机 变频桶自洁 健康除菌,1799,1万+,,"自营,厂商配送",https://item.jd.com/100014843433.html,(7000+),(10+),(10+),99%
【旗舰款】8KG洗衣机全自动申花小型波轮 蓝光健康洗,458,5万+,,,https://item.jd.com/71879844651.html,(1.5万+),(200+),(200+),94%
Haier【新品】海尔洗衣机滚筒洗烘一体机全自动10公斤大容量微蒸汽杀菌除螨空气洗一级能效智能变频 洗烘一体+空气洗+智慧洗+双喷淋+羽绒洗,3099,1万+,,"京东物流,免邮,券2800-400",https://item.jd.com/10029778497850.html,(5800+),(10+),(10+),99%
LG 9KG滚筒洗衣机全自动 475mm超薄机身 AI直驱变频电机 14分钟快洗 95℃高温洗 奢华白 FCY90N2W,2699,5万+,,"自营,券1500-120,赠",https://item.jd.com/100024557796.html,(2.5万+),(100+),(100+),98%
LG 洗烘套装10kg全自动蒸汽洗+10kg变频热泵烘干 除菌除螨FCY10Y4W+RH10V3AV6W（附件商品仅展示）,9699,5000+,,自营,https://item.jd.com/100026065584.html,(2900+),(10+),(10+),98%
LG 星云系列 10公斤超薄 蒸汽除菌 AIDD直驱变频 家用全自动 滚筒洗衣机 FCY10Y4M,2799,5万+,,"自营,券1500-120,赠",https://item.jd.com/100036244705.html,(2.5万+),(100+),(100+),98%
LG 星云系列 10公斤超薄 蒸汽除菌 AIDD直驱变频 家用全自动 洗烘一体机 滚筒洗衣机 FCY10R4M,3399,5万+,,"自营,券1500-120,赠",https://item.jd.com/100036244697.html,(2.5万+),(100+),(100+),98%
TCL 10KGDD直驱V160变频滚筒洗衣机洗烘一体 45分贝低音洗涤 微蒸空气洗 超薄除菌G100V160-HD,1999,10万+,,"自营,厂商配送,满1000-200",https://item.jd.com/100032637967.html,(5.1万+),(200+),(200+),98%
TCL 10KG波轮T100大容量洗衣机全自动波轮洗衣机 宽电压水压 整机保修三年 洁净桶风干B100T100,929,200万+,,自营,https://item.jd.com/100026627846.html,(118万+),(7500+),(7500+),98%
TCL 10KG大容量波轮洗衣机模糊控制洗脱一体宽电压水压 整机保修三年 洁净桶风干B100L100,879,200万+,,"自营,满859-30",https://item.jd.com/100014138560.html,(118万+),(7500+),(7500+),98%
TCL 10公斤大容量DDM直驱变频全自动波轮洗衣机 整机保修三年 0.9洗净比 一级能效 B100T100-D,1349,200万+,,"自营,厂商配送,满1000-300,赠",https://item.jd.com/100031697768.html,(118万+),(7500+),(7500+),98%
TCL 10公斤大容量DDM直驱变频全自动波轮洗衣机 整机保修三年 0.9洗净比 一级能效 B100T100-D,1349,200万+,,"自营,厂商配送",https://item.jd.com/100031697768.html,(118万+),(7500+),(7500+),98%
TCL 4KG波轮迷你洗衣机宿舍租房神器全自动波轮小型迷你洗衣机 单脱水 租房必备 XQB40-36SP,569,100万+,,"自营,厂商配送",https://item.jd.com/100020504846.html,(77万+),(4300+),(4300+),98%
TCL 5.5KG波轮洗衣机宿舍租房神器小型迷你全自动洗衣机 一键脱水 小型便捷波轮XQB55-36SP,597,50万+,,自营,https://item.jd.com/1451400.html,(56万+),(4300+),(4300+),98%
TCL 6KG波轮洗衣机智能模糊控制全自动波轮小型洗衣机 一键脱水 10种洗涤程序 便捷XQB60-21CSP,629,20万+,,"自营,赠",https://item.jd.com/967500.html,(17万+),(1100+),(1100+),98%
TCL 6公斤大容量波轮洗衣机全自动小型洗衣机租房神器 超薄机身 一键脱水 便捷家用（亮灰色） 波轮,629,2000+,,自营,https://item.jd.com/10039598191029.html,(700+),-4,-4,99%
TCL 6公斤全自动小型洗衣机,629,2000+,,自营,https://item.jd.com/10039598191029.html,(700+),-4,-4,99%
TCL 7KG波轮洗衣机智能模糊控制全自动波轮小型洗衣机 一键脱水 24小时预约 便捷XQB70-36SP,699,50万+,,"自营,满680-30",https://item.jd.com/4629832.html,(31万+),(1300+),(1300+),99%
TCL 8KG变频滚筒L120除菌洗衣机 蒸汽除菌 消毒预洗 夜间洗羽绒洗全自动滚筒超薄G80L120-B,1279,10万+,,自营,https://item.jd.com/100018878684.html,(5.1万+),(200+),(200+),98%
TCL 8KG大容量波轮洗衣机全自动波轮小型洗衣机 租房神器 整机保修三年 23分钟快洗 一键脱水 B80L100,729,200万+,,"自营,满720-30",https://item.jd.com/100037432256.html,(118万+),(7500+),(7500+),98%
TCL 8KG大容量波轮洗衣机全自动小型洗衣机 租房神器 整机保修三年 超薄机身 一键脱水 桶风干B80V100,819,200万+,,"自营,满500-50,赠",https://item.jd.com/100037432218.html,(77万+),(4300+),(4300+),98%
TCL 十公斤全自动变频洗衣机TG-V100B芭蕾白（企业采购）,6999,1,,自营,https://item.jd.com/100019408437.html,(100+),0,0,98%
TCL 一级能效 洗衣机 滚筒洗衣机 10公斤家用大能量 G100F12C-HD星云蓝 企业采购,9999,2,,自营,https://item.jd.com/100019479965.html,(100+),0,0,98%
TCL10KGDD直驱V160变频香薰护理除菌净螨45分贝低音洗涤热力除菌超薄全自动滚筒G100V160-D,1699,10万+,,自营,https://item.jd.com/100050309307.html,(5.1万+),(200+),(200+),98%
TCL10KGDD直驱V160变频香薰护理除菌净螨45分贝低音洗涤热力除菌超薄全自动滚筒G100V160-D,1699,10万+,,"自营,新品,满1000-200",https://item.jd.com/100050309307.html,(5.1万+),(200+),(200+),98%
TCL10KG变频滚筒L130香薰除菌超薄全自动滚筒洗衣机 洗烘一体 热力除菌 60度低温柔烘 G100L130-HB,1799,10万+,,"自营,赠",https://item.jd.com/100037687638.html,(5.1万+),(200+),(200+),98%
TCL10KG香薰除菌L130全自动变频滚筒洗衣机 15分钟快洗 热力除菌 整机保修三年 超薄G100L130-B,1329,10万+,,自营,https://item.jd.com/100037687620.html,(5.1万+),(200+),(200+),98%
TCL12KG双子舱T300复式分区变频洗衣机母婴分类 除菌除螨 APP智控 双筒全自动滚筒G120T300-BYW,3999,1000+,,"自营,厂商配送,新品",https://item.jd.com/100046858611.html,(800+),-2,-2,99%
TCL7.5~8KG波轮全自动大容量洗衣机家用洗衣机租房宿舍低噪洗衣防缠绕+通风干自洁+全天预约洗涤 B75V100 波轮,699,200+,,自营,https://item.jd.com/10062677337496.html,(80+),-1,-1,92%
TCL8公斤全自动变频滚筒洗衣机 香薰除菌 热力除菌 中途添衣 1.06洗净比 超薄洗衣机G80L130-B,1248,10万+,,"自营,秒杀,满1260-30",https://item.jd.com/100024094597.html,(5.1万+),(200+),(200+),98%
YANGZI10公斤洗衣机全自动家用大容量智能蓝光波轮洗烘一体风干出租房热烘干 10公斤蓝光纳米健康洗/智能强力风干,468,1000+,,,https://item.jd.com/10059368983512.html,(200+),-5,-5,86%
YANGZI10公斤洗衣机全自动家用大容量智能蓝光波轮洗烘一体风干出租房热烘干 10公斤蓝光纳米健康洗/智能强力烘干,628,1000+,,,https://item.jd.com/10059368983513.html,(200+),-5,-5,86%
YANGZI10公斤洗衣机全自动家用大容量智能蓝光波轮洗烘一体风干出租房热烘干 6公斤公斤蓝光纳米健康洗/智能强力风干,370,1000+,,,https://item.jd.com/10059368958106.html,(200+),-5,-5,86%
YANGZI10公斤洗衣机全自动家用大容量智能蓝光波轮洗烘一体风干出租房热烘干 7.5公斤 蓝光纳米健康洗/智能强力风干,428,1000+,,,https://item.jd.com/10059368958107.html,(200+),-5,-5,86%
YANGZI10公斤洗衣机全自动家用大容量智能蓝光波轮洗烘一体风干出租房热烘干 8.0公斤蓝光纳米健康洗/智能强力风干,428,1000+,,,https://item.jd.com/10059368958108.html,(200+),-5,-5,86%
YANGZI10公斤洗衣机全自动家用大容量智能蓝光波轮洗烘一体风干出租房热烘干 8.5公斤蓝光纳米健康洗/智能强力风干,438,1000+,,,https://item.jd.com/10059368958109.html,(200+),-5,-5,86%
YANGZI洗衣机全自动10公斤波轮洗烘一体大容量租房宿舍智能家电节能省电洗衣机 6公斤公斤蓝光纳米健康洗/智能强力风干,370,200+,,,https://item.jd.com/10059368085827.html,(100+),-3,-3,96%
爱心东东【一线品牌】洗衣机全自动家用宿舍大容量10公斤洗烘一体智能租 25KG大容量加厚升级款,1699,4,,赠,https://item.jd.com/10066990237085.html,0,0,0,100%
爱心东东【一线品牌】长虹洗衣机全自动家用宿舍大容量10公斤洗烘一体智能租 6.5KG智能风干+顺丰入户,669,0,,赠,https://item.jd.com/10066990234296.html,0,0,0,100%
爱心东东kudixiong全自动洗衣机大容量租房宿舍洗烘一体小型波轮智能热烘干 10公斤KG【蓝光洗护+智能风干+强动力电机】,599,0,,赠,https://item.jd.com/10068120248889.html,0,0,0,100%
爱心东东kudixiong全自动洗衣机大容量租房宿舍洗烘一体小型波轮智能热烘干 7公斤KG【蓝光洗护+智能风干+强动力电机】,499,0,,赠,https://item.jd.com/10068120248886.html,0,0,0,100%
爱心东东kudixiong全自动洗衣机大容量租房宿舍洗烘一体小型波轮智能热烘干 8.5公斤KG【蓝光洗护+智能风干+强动力电机】,579,0,,赠,https://item.jd.com/10068120248887.html,0,0,0,100%
爱心东东YANGZI全自动洗衣机10公斤大容量租房宿舍洗烘一体小型波轮智能热烘干 10KG强力风干【送货入户 全国联保】,589,2000+,,"2件9.98折,赠",https://item.jd.com/10063949140662.html,(300+),(10+),(10+),81%
爱心东东YANGZI全自动洗衣机10公斤大容量租房宿舍洗烘一体小型波轮智能热烘干 10KG智能风干【送货入户 全国联保】,549,2000+,,"2件9.98折,赠",https://item.jd.com/10063949140661.html,(300+),(10+),(10+),81%
爱心东东YANGZI全自动洗衣机10公斤大容量租房宿舍洗烘一体小型波轮智能热烘干 6KG强力风干【送货入户 全国联保】,479,2000+,,"2件9.98折,赠",https://item.jd.com/10063949140650.html,(300+),(10+),(10+),81%
爱心东东YANGZI全自动洗衣机10公斤大容量租房宿舍洗烘一体小型波轮智能热烘干 8KG强力风干【送货入户 全国联保】,509,2000+,,"2件9.98折,赠",https://item.jd.com/10063949140652.html,(300+),(10+),(10+),81%
爱心东东海尔（Haier）洗衣机全自动波轮小型租房宿舍神器中途添衣桶自洁智能称重一键启动 漂甩合一家用节能波轮 【旗舰款】海尔8公斤大神童波轮洗,898,100+,,"京东物流,免邮,赠",https://item.jd.com/10062681679194.html,(40+),0,0,100%
爱心东东全自动洗衣机10公斤大容量租房宿舍洗烘一体小型波轮智能热烘干 8.8KG智能风干【送货入户 全国联保】,559,2,,赠,https://item.jd.com/10067662144769.html,0,0,0,100%
爱心东东全自动洗衣机10公斤大容量租房宿舍洗烘一体小型波轮智能热烘干 8KG强力风干【送货入户 全国联保】,519,2,,赠,https://item.jd.com/10067662144766.html,0,0,0,100%
爱心东东全自动洗衣机洗烘一体家用衣水洗涤量智能波轮大容量风干 10KG强力风干【顺丰德邦送货入户】,488,3,,赠,https://item.jd.com/10067662090808.html,-1,0,0,100%
爱心东东荣事达全自动洗衣机10公斤大容量租房宿舍洗烘一体小型波轮智能热烘干 7公斤KG【蓝光洗护+智能风干+强动力电机】,479,100+,,赠,https://item.jd.com/10067920465340.html,(100+),0,0,100%
爱心东东洗衣机12公斤洗衣机全自动家用10kg热烘干波轮滚筒洗烘一体大容量 7.5公斤风干 冲量款 限购100台,479,10,,赠,https://item.jd.com/10066990227080.html,-2,0,0,100%
爱心东东洗衣机12公斤洗衣机全自动家用10kg热烘干波轮滚筒洗烘一体大容量 8.0公斤风干 冲量款 限购100台,499,10,,赠,https://item.jd.com/10066990227081.html,-2,0,0,100%
爱心东东洗衣机全自动10公斤波轮洗烘一体大容量租房宿舍智能家电节能省电小健康洗丁天鹅系列we 12kg高温热烘干+全国10年联保,979,1,,赠,https://item.jd.com/10067662118183.html,-1,0,0,100%
爱心东东小天鹅洗衣机全自动滚筒10公斤家用大容量京品家电除菌除螨全新升级旗舰尊贵款 【多彩触控屏】行业精选推荐,1798,200+,,"京东物流,每满1797-100,赠",https://item.jd.com/10059521773816.html,(100+),0,0,98%
奥克斯(AUX) 全自动波轮洗衣机 小型租房家用 洗脱一体 一键甩干脱水洗衣机 42 强力风干+仿生手洗 1人使用,428,1000+,,,https://item.jd.com/10058773618104.html,(200+),-5,-5,93%
奥克斯（AUX）波轮洗衣机 全自动 家用小型宿舍租房带甩干一键洗脱洗衣机 42 仿生手洗+10大程序 1人使用 母婴款,428,2万+,,"免邮,券428-20,赠",https://item.jd.com/10058388197107.html,(4100+),(70+),(70+),94%
奥克斯（AUX）波轮洗衣机 全自动 家用小型宿舍租房带甩干一键洗脱洗衣机 80 强劲动力+蝶形水流洗（推荐4口之家 ）主推款,598,2万+,,"免邮,券598-30,赠",https://item.jd.com/72043899503.html,(4100+),(70+),(70+),94%
奥克斯（AUX）洗+脱12公斤大容量半自动洗衣机家用双桶双缸小型洗衣机迷你波轮HB70P90-98H 灰色,378,5万+,,,https://item.jd.com/10024021153121.html,(1.1万+),(200+),(200+),92%
奥克斯（AUX）洗衣机全自动波轮家用小型宿舍租房婴幼儿童大容量 洗脱一体 42 强力风干+仿生手洗 推荐单人使用,418,5万+,,"秒杀,免邮,满418-10,赠",https://item.jd.com/39879969657.html,(1.8万+),(100+),(100+),97%
澳柯玛（AUCMA）8公斤半自动洗衣机 大容量双缸双桶波轮 宿舍租房家用 洗脱分离 脱水甩干机 家电XPB80-2118S,469,10万+,,"自营,券3000-200",https://item.jd.com/8499534.html,(4.9万+),(200+),(200+),98%
博世 （BOSCH）【净效除菌】10kg变频全自动家用 大容量1400转 自动除渍滚筒 WGA154010W,5290,2万+,,"自营,新品,赠",https://item.jd.com/100050094601.html,(1.3万+),(50+),(50+),98%
创维(SKYWORTH) 10公斤大容量全自动波轮洗衣机 整机3年保修 一键脱水 桶自洁 11重洗涤程序 T100Q,799,20万+,,自营,https://item.jd.com/100007902449.html,(10万+),(600+),(600+),98%
创维(SKYWORTH) 6公斤全自动滚筒洗衣机  超薄嵌入 金属机身 16种洗涤程序 高温除菌除螨洗 F60A,1049,20万+,,自营,https://item.jd.com/1717039.html,(10万+),(800+),(800+),97%
创维(SKYWORTH) 8公斤滚筒洗衣机全自动 变频电机 一级能效 99%除菌除螨 超薄嵌入 XQG80-B15MC,1149,20万+,,"自营,券1140-50",https://item.jd.com/100002220113.html,(10万+),(800+),(800+),97%
创维(SKYWORTH)10KG滚筒洗衣机全自动 洗烘一体机 健康除螨洗 微蒸空气洗 实景彩屏XQG100-B61RBH,1699,20万+,,"自营,赠",https://item.jd.com/100037730599.html,(10万+),(800+),(800+),97%
创维(SKYWORTH)10公斤大容量变频滚筒洗衣机全自动 整机保修3年 除菌除螨15分快洗桶自洁XQG100-B15LB,1299,20万+,,自营,https://item.jd.com/100011747528.html,(10万+),(800+),(800+),97%
创维（SKYWORTH）10公斤大容量全自动波轮洗衣机 整机保修三年 家用租房 一键脱水节能省电T100F,749,20万+,,自营,https://item.jd.com/100027353266.html,(10万+),(600+),(600+),98%
创维（SKYWORTH）6公斤波轮洗衣机全自动小型迷你便捷租房老人必备神器量衣进水单脱水降噪省电T60L,599,20万+,,自营,https://item.jd.com/4074541.html,(10万+),(600+),(600+),98%
创维(SKYWORTH)8公斤全自动波轮洗衣机 一键脱水 11重洗涤程序 智能留水 24小时预约 洁净桶风干 T80F,649,20万+,,自营,https://item.jd.com/5178968.html,(10万+),(600+),(600+),98%
创维(SKYWORTH)8公斤全自动波轮洗衣机 一键脱水 24小时预约 智能留水 11重洗涤程序（钛灰银）T80J,699,20万+,,自营,https://item.jd.com/100026977694.html,(10万+),(600+),(600+),98%
创维(SKYWORTH)8公斤洗衣机全自动波轮 家用宿舍租户洗衣机筒自洁脱水甩干 降噪省电,649,2000+,,自营,https://item.jd.com/10027962282381.html,(700+),-8,-8,97%
创维(SKYWORTH)洗衣机8公斤滚筒洗衣机家用全自动 96℃高温洗涤超薄嵌入XQG80-B09M XQG80-B09M白,1099,5000+,,自营,https://item.jd.com/49847481147.html,(2600+),(20+),(20+),97%
创维(SKYWORTH)洗衣机全自动滚筒变频10公斤kg大容量 一级能效变频节能 96℃高温除菌除螨,1299,2000+,,自营,https://item.jd.com/10027970333957.html,(900+),-9,-9,97%
创维10公斤DD直驱洗烘一体滚筒洗衣机炫彩按键一级能效变频家用大容量XQG100-B33RDH,1699,500+,,自营,https://item.jd.com/10060647489441.html,(100+),0,0,98%
海尔(Haier) 3公斤波轮洗衣机全自动 以旧换新 迷你洗衣机小型 内衣婴儿洗衣机 儿童 XQBM30-218,699,10万+,,自营,https://item.jd.com/100022807886.html,(5万+),(200+),(200+),98%
海尔（Haier) 滚筒洗衣机全自动 10公斤大容量BLDC变频香薰除菌环瀑水流金榜推荐以旧换新 EG100MATE3S,2299,50万+,,"自营,券499-30,满2099-300,赠",https://item.jd.com/100018458662.html,(42万+),(1000+),(1000+),99%
海尔（Haier） 洗衣机大容量家用半自动洗衣机双缸双桶强劲动力双净力水电分离防鼠底座操作简单XPB90-197BS,649,2000+,,,https://item.jd.com/100041757047.html,(800+),-6,-6,98%
海尔（Haier） 洗衣机大容量家用半自动洗衣机双缸双桶强劲动力小神螺水电分离防鼠底座操作简单XPB90-197BS,649,500+,,自营,https://item.jd.com/100045440459.html,(200+),-1,-1,99%
海尔（Haier）(Haier) 波轮洗衣机全自动家电5公斤迷你婴儿小型儿童内衣小型直驱变频母婴专属 XQB50-B278,1699,10万+,,"自营,赠",https://item.jd.com/100035918232.html,(5万+),(200+),(200+),98%
海尔（Haier）【超薄晶彩新品】海尔洗衣机全自动滚筒洗衣机洗烘一体脱水甩干空气洗专属顽渍洗家用大容量 10KG 洗烘一体【羽绒洗 蒸汽除菌】,3199,1万+,,"券699-300,满999-400",https://item.jd.com/10060085677025.html,(6600+),(10+),(10+),99%
海尔（Haier）10KG全自动变频滚筒洗衣机 大筒径智能投放巴氏除菌 洗烘一体 精华洗省水电 纤美升级款以旧换新,4699,1万+,,自营,https://item.jd.com/100043427641.html,(9300+),(20+),(20+),99%
海尔（Haier）10KG全自动变频滚筒洗衣机 家用大容量智能投放大筒径香薰除菌 精华洗省水电 纤美升级款以旧换新,3699,1万+,,自营,https://item.jd.com/100043427669.html,(9300+),(20+),(20+),99%
海尔（Haier）10KG全自动变频滚筒洗衣机家用大容量智能投放525mm大筒径双喷淋香薰/除菌 精华洗XQG100-BD14326L,3798,500+,,自营,https://item.jd.com/100042869445.html,(200+),0,0,99%
海尔（Haier）10KG全自动波轮洗衣机家用大容量直驱变频一级能效智能预约称重编程 除螨洗XQB100-BZ206,1549,1万+,,自营,https://item.jd.com/100035906934.html,(5200+),(30+),(30+),98%
海尔（Haier）10KG全自动滚筒洗衣机 家用大容量直驱变频除菌洗衣机智能投放智能预约 以旧换新,2999,1万+,,自营,https://item.jd.com/100012985737.html,(100+),0,0,98%
海尔（Haier）10kg全自动洗衣机波轮双动力变频直驱防缠绕家用一级能效大容量智能预约除螨洗XQS100-BZ3288,2499,1万+,,"自营,厂商配送",https://item.jd.com/100037677745.html,(4400+),(30+),(30+),98%
海尔（Haier）10kg全自动洗衣机波轮双动力变频直驱防缠绕家用一级能效大容量智能预约除螨洗XQS100-BZ3288,2499,1万+,,自营,https://item.jd.com/100037677745.html,(4400+),(30+),(30+),98%
海尔（Haier）10KG双动力波轮洗衣机全自动家用大容量直驱变频防缠绕一级能效智能预约羊毛除螨洗XQS100-BZ3288,2799,1万+,,"自营,券1899-400",https://item.jd.com/100029093191.html,(5200+),(30+),(30+),98%
海尔（Haier）10公斤全自动波轮洗衣机家用大容量称重智能预约羊毛洗桶自洁XQB100-Z206,1149,2000+,,自营,https://item.jd.com/100014516591.html,(1500+),-8,-8,98%
海尔（Haier）10公斤全自动波轮洗衣机家用大容量称重智能预约羊毛洗桶自洁XQB100-Z206,1149,2000+,,"自营,厂商配送",https://item.jd.com/100014516591.html,(1500+),-8,-8,98%
海尔(Haier)12KG全自动波轮洗衣机家用大容量幂动力防缠绕智能预约自编程桶自洁羊毛XQB120-F128,2299,1万+,,自营,https://item.jd.com/100042508937.html,(5200+),(30+),(30+),98%
海尔（Haier）8KG全自动滚筒洗衣机一级能效变频节能家用大容量高温筒自洁消毒杀菌 洗脱一体EG80B08W,1649,1万+,,自营,https://item.jd.com/100018139173.html,(3200+),-5,-5,99%
海尔（Haier）8KG全自动滚筒洗衣机一级能效变频节能家用大容量高温筒自洁消毒杀菌 洗脱一体EG80B08W,1649,1万+,,"自营,券899-100",https://item.jd.com/100018139173.html,(3200+),-5,-5,99%
海尔（Haier）8公斤KG全自动滚筒洗衣机一级能效变频节能家用大容量高温桶自洁消毒洗烫烫净EG80B08W,1549,200+,,自营,https://item.jd.com/100048932631.html,(100+),0,0,100%
海尔(Haier)8公斤大容量租房神器洗脱一体家用波轮洗衣机全自动小型以旧换新原厂品质EB80M30Mate1,849,100万+,,"自营,每满800-10",https://item.jd.com/100034209075.html,(71万+),(2300+),(2300+),99%
海尔（Haier）9KG波轮洗衣机全自动变频节能一级能效水电双宽家用租房洗衣机可视上盖洗漂一体,1149,5000+,,"自营,厂商配送,券1000-50",https://item.jd.com/100028200747.html,(1700+),(10+),(10+),98%
海尔（Haier）9KG波轮洗衣机全自动变频节能一级能效水电双宽家用租房洗衣机可视上盖洗漂一体,1149,5000+,,"自营,厂商配送,券1000-50",https://item.jd.com/100028200747.html,(100+),0,0,98%
海尔（Haier）9KG全自动波轮洗衣机直驱变频一级能效家用大容量智能预约 桶自洁+除螨洗XQB90-BM12699,1399,1万+,,自营,https://item.jd.com/100026873273.html,(5200+),(30+),(30+),98%
海尔（Haier）9公斤全自动波轮洗衣机家用大容量直驱变频智能预约称重筒自洁一级能效水电双宽XQB90-BM12699,1149,1万+,,自营,https://item.jd.com/100046673387.html,(4400+),(30+),(30+),98%
海尔（haier）9公斤全自动家用大容量波轮洗衣机 一级能效安静节能直驱变频 健康除螨洗 强劲动力,1148,1000+,,"自营,秒杀",https://item.jd.com/100043953711.html,(200+),-5,-5,97%
海尔（Haier）半自动洗衣机双缸双桶筒脱水机甩干机12公斤kg大容量家用双动力双杠波轮XPB120-628S,959,500+,,自营,https://item.jd.com/100042632460.html,(200+),-1,-1,99%
海尔（Haier）半自动洗衣机双缸双桶筒脱水机甩干机12公斤kg大容量家用双动力双杠波轮XPB120-628S,959,500+,,"自营,厂商配送",https://item.jd.com/100042632460.html,(200+),-1,-1,99%
海尔（Haier）波轮洗衣机多功能迷你全自动洗鞋机健康桶自洁360°洁净洗涮防缠绕洗脱一体HQ1-T258,1299,1万+,,"自营,厂商配送",https://item.jd.com/100032503845.html,(4400+),(30+),(30+),98%
海尔（Haier)波轮洗衣机全自动家电 以旧换新 内衣除菌 脱水机直驱 10公斤 双动力防缠绕ES100B36PLUS5,2699,100万+,,"自营,每满1000-100,赠",https://item.jd.com/100036987198.html,(71万+),(2300+),(2300+),99%
海尔（Haier）波轮洗衣机全自动家电 以旧换新 内衣除螨洗 脱水机 原厂品质 10公斤大容量 EB100Z109,1519,50万+,,"自营,券499-30,每满1450-370,赠",https://item.jd.com/100023503958.html,(36万+),(1500+),(1500+),99%
海尔（Haier）波轮洗衣机全自动家电 以旧换新 脱水机 内衣除螨洗 9公斤 直驱变频低噪EB90B30Mate1,1299,100万+,,"自营,每满1250-150,赠",https://item.jd.com/100024456533.html,(71万+),(2300+),(2300+),99%
海尔（Haier）波轮洗衣机全自动家电 以旧换新 脱水机 内衣除螨洗 原厂品质 10公斤大容量EB100M30Pro1,1549,100万+,,"自营,券499-30,赠",https://item.jd.com/100039208432.html,(71万+),(2300+),(2300+),99%
海尔（Haier)波轮洗衣机全自动家电 以旧换新 脱水机 直驱10公斤大容量免清洗防筒垢 EMB100B26Mate6U1,2699,50万+,,"自营,满1000-200,赠",https://item.jd.com/100023503972.html,(36万+),(1500+),(1500+),99%
海尔（Haier)波轮洗衣机全自动家电 以旧换新 脱水机直驱10公斤大容量 双动力防缠绕ES100B26Mate6,3099,100万+,,"自营,满1000-200,赠",https://item.jd.com/100023503960.html,(71万+),(2300+),(2300+),99%
海尔（Haier）波轮洗衣机全自动家电 以旧换新 原厂品质 内衣轻柔洗 超净洗顽渍 玻璃上盖 EB100M30Plus2,1549,50万+,,"自营,券499-30,每满1000-300,赠",https://item.jd.com/100039208410.html,(36万+),(1500+),(1500+),99%
海尔（Haier)波轮洗衣机全自动家电 以旧换新脱水机 紫外线内衣除菌 直驱 大容量10公斤EBC100B39Mate7,3599,100万+,,"自营,满2000-400,赠",https://item.jd.com/100035893490.html,(71万+),(2300+),(2300+),99%
海尔（Haier）光等离子洗衣机 10公斤平嵌洗烘一体 彩屏直驱变频 滚筒全自动 智能投放EG100HMATE81SU1,5199,20万+,,"自营,券2000-110,满2000-300,赠",https://item.jd.com/100027946795.html,(19万+),(300+),(300+),99%
海尔（Haier）滚筒洗衣机8KG 超薄家用全自动洗衣机 变频节能巴氏除菌香薰洗护 洗脱一体机大筒径纤美以旧换新,2499,1万+,,自营,https://item.jd.com/100019498122.html,(9300+),(20+),(20+),99%
海尔（Haier）滚筒洗衣机全自动 10公斤大容量 超薄564MM BLDC变频 智能预约 健康除菌螨 EG100MATE31S,1999,50万+,,"自营,赠",https://item.jd.com/100020753809.html,(42万+),(1000+),(1000+),99%
海尔（Haier）滚筒洗衣机全自动 10公斤大容量 超薄大筒径 1.1高洗净比 巴氏除菌 智能投放 XQG100-BD14126L,3299,5万+,,"自营,满1000-200,赠",https://item.jd.com/100014784511.html,(3.9万+),(70+),(70+),99%
海尔（Haier）滚筒洗衣机全自动 10公斤大容量 超薄平嵌 光等离子极光系列 直驱变频电机 100-B14376LU1,5699,5万+,,"自营,赠",https://item.jd.com/100030150389.html,(3.9万+),(70+),(70+),99%
海尔（Haier）滚筒洗衣机全自动 10公斤大容量 智能投放 晶彩屏平嵌超薄564mm 除菌螨 以旧换新 EG100MATE62S,3199,50万+,,"自营,满2000-300,赠",https://item.jd.com/100030150373.html,(42万+),(1000+),(1000+),99%
海尔（Haier)滚筒洗衣机全自动 10公斤大容量BLDC变频电机1.08高洗净比健康除菌螨以旧换新EG100MATE2S,1999,50万+,,"自营,券499-30,满1799-200,赠",https://item.jd.com/100011192173.html,(42万+),(1000+),(1000+),99%
海尔（Haier)滚筒洗衣机全自动 10公斤大容量BLDC变频电机1.08高洗净比健康除菌螨以旧换新EG100MATE2S,1999,50万+,,自营,https://item.jd.com/100011192173.html,(42万+),(1000+),(1000+),99%
海尔（Haier）滚筒洗衣机全自动 10公斤大容量洗烘一体 蒸汽除菌 1.08高洗净比 BLDC变频以旧换新 XQG100-HB106C,2499,20万+,,自营,https://item.jd.com/100013724559.html,(19万+),(300+),(300+),99%
海尔（Haier）滚筒洗衣机全自动 10公斤大容量洗烘一体 蒸汽除菌 1.08高洗净比 BLDC变频以旧换新 XQG100-HB106C,2469,20万+,,"自营,券499-30,满2369-200,赠",https://item.jd.com/100013724559.html,(19万+),(300+),(300+),99%
海尔（Haier）滚筒洗衣机全自动 10公斤洗烘一体大容量 BLDC变频 超薄564mm 蒸汽除菌螨 EG100HMATE31S,2359,20万+,,"自营,赠",https://item.jd.com/100036262202.html,(19万+),(300+),(300+),99%
海尔（Haier）滚筒洗衣机全自动 10公斤直驱变频 智能投放 晶彩触控屏 高温除菌满 以旧换新 EG100MATE8SU1,4099,5万+,,"自营,满2000-300,赠",https://item.jd.com/100012927307.html,(100+),0,0,98%
海尔（Haier）滚筒洗衣机全自动 10公斤直驱变频 智能投放 香薰清新 除菌螨 高温筒自洁 EG100MATE71S,3399,50万+,,"自营,满2000-300,赠",https://item.jd.com/100037153776.html,(42万+),(1000+),(1000+),99%
海尔（Haier）滚筒洗衣机全自动 京东小家智能生态 10公斤大容量直驱变频 智能投放 以旧换新 EG100BDC189SU1,4099,50万+,,"自营,满2000-400,赠",https://item.jd.com/100014325188.html,(42万+),(1000+),(1000+),99%
海尔（Haier）滚筒洗衣机全自动京品家电 10公斤大容量 洗烘一体直驱变频 智能投放 以旧换新 EG100HPLUS7SU1,4499,20万+,,"自营,满2000-400,赠",https://item.jd.com/100024317972.html,(19万+),(300+),(300+),99%
海尔(Haier)海尔全自动波轮洗衣机家用出租大容量防缠绕智能预约自编程羊毛羽绒洗以旧换新洗脱一体 【店长推荐】10公斤直驱变频+除螨洗I智能自编程,1599,5000+,,"免邮,券199-30,满1088-100",https://item.jd.com/10034430937458.html,(2400+),(10+),(10+),98%
海尔（Haier）精华洗洗衣机 10公斤大容量 大筒径超薄平嵌 变频电机智能投放 滚筒全自动 EG100MATESL6,4299,50万+,,"自营,券2000-110,满2000-300,赠",https://item.jd.com/100028942709.html,(42万+),(1000+),(1000+),99%
海尔（Haier）精华洗洗衣机 10公斤洗烘一体 超薄大筒径 智能投放滚筒全自动 京品家电 100HPLUSSL6U1,5099,20万+,,"自营,券2000-110,满2000-300,赠",https://item.jd.com/100028942711.html,(19万+),(300+),(300+),99%
海尔（Haier）全自动洗衣机10公斤直驱变频波轮洗脱一体智能预约一键操作家用大容量XQB100-BZ206,1349,1万+,,自营,https://item.jd.com/100033294788.html,(4400+),(30+),(30+),98%
海尔（Haier）洗烘套装 1.08洗净比10Kg滚筒洗衣机全自动+负离子热泵烘干机家用组合 EG100MATE3S+EHG100MATE3S,6299,50万+,,自营,https://item.jd.com/100021301858.html,(42万+),(1000+),(1000+),99%
海尔（Haier）洗烘一体洗衣机带烘干 全自动10公斤大容量变频滚筒洗衣机 除菌空气洗双淋喷 香薰洗超大烘干容量,2399,1万+,,自营,https://item.jd.com/100011244329.html,(9300+),(20+),(20+),99%
海尔(Haier)洗衣机全自动10KG波轮洗衣机家用大容量直驱变频一级能效自编程筒自洁XQB100-BZ206,1399,500+,,自营,https://item.jd.com/100046854581.html,(100+),-2,-2,96%
海尔（Haier）洗衣机全自动波轮8公斤家用租房神器宿舍节能健康桶自洁智能称重漂甩合一Mate1,889,10万+,,"免邮,券50-10,满200-40",https://item.jd.com/30496316952.html,(7.2万+),(200+),(200+),99%
海尔(Haier)洗衣机全自动滚筒8KG家用大容量一级能效变频节能高温桶自洁消毒除菌洗脱一体EG80B08W,1549,100+,,"自营,厂商配送",https://item.jd.com/100048841553.html,(20+),0,0,100%
海尔（Haier）洗衣机全自动滚筒洗衣机变频家用10公斤大容量香薰抑味双重除菌洗衣机智能预约健康桶自洁,1899,1万+,,"自营,厂商配送,券1500-100",https://item.jd.com/100016299497.html,(5400+),(20+),(20+),99%
海尔（Haier）洗衣机直驱变频滚筒全自动10公斤家用大容量洗脱一体机巴氏除菌除螨专利双喷淋,2799,5000+,,"自营,厂商配送,券2000-100",https://item.jd.com/100039180364.html,(3100+),(10+),(10+),98%
海尔（Haier）纤美洗烘套装 10Kg滚筒洗衣机全自动+双擎热泵烘干机家用 一键智洗 静筒柔烘 EG100MATE81SU1组合,10499,20万+,,"自营,满5000-500",https://item.jd.com/100028781745.html,(19万+),(300+),(300+),99%
海尔（Haier）纤美洗烘套装 10Kg滚筒洗衣机全自动+双擎热泵烘干机家用 一键智洗 静筒柔烘 EG100MATE81SU1组合,10499,20万+,,"自营,满5000-500",https://item.jd.com/100028781745.html,(100+),0,0,98%
海尔10KG双动力波轮洗衣机全自动家用大容量直驱变频防缠绕一级能效智能预约羊毛洗XQS100-BZ3288,2499,5000+,,自营,https://item.jd.com/100033444635.html,(2400+),(10+),(10+),98%
海尔半自动洗衣机双缸双桶9公斤KG大容量家用双净力老式波轮双电机强力去污 XPB90-1127HS,749,500+,,自营,https://item.jd.com/100050545759.html,(200+),-1,-1,99%
海尔出品（Leader）统帅 8公斤kg波轮洗衣机全自动 浸泡洗 健康桶自洁 漂甩合一 统-帅8公斤@B80M957,769,200+,,自营,https://item.jd.com/100044266425.html,(100+),-1,-1,98%
海尔出品滚筒洗衣机全自动10kg公斤家用变频智能大容量一级能效除菌摇蓝柔洗洗衣机 统帅海尔出品10公斤+变频电机+羊毛洗SE,1599,1000+,,"放心购,满1589-100",https://item.jd.com/10049723387213.html,(300+),-2,-2,98%
海尔出品洗衣机10公斤波轮洗衣机家用大容量全自动洗脱智能预约桶自洁柔护内桶不伤衣 风暴洗去污渍 10公斤+15分钟速洗+羊毛洗+Leader经典款,999,100+,,赠,https://item.jd.com/10064470299850.html,(40+),-1,-1,95%
海尔滚筒洗衣机全自动 10kg公斤变频一级能效 除菌健康筒自洁18分钟大容量 EG100MATE2S,1699,500+,,自营,https://item.jd.com/100041095299.html,(200+),-4,-4,95%
海尔烘干洗衣机全自动洗烘一体10KG公斤大容量除菌除螨一级能效变频滚筒EG100HB108S,2299,5000+,,自营,https://item.jd.com/100018351597.html,(2700+),-8,-8,99%
海尔全自动波轮洗衣机10公斤直驱变频一级能效洗脱一体家用大容量低磨损智能自编程XQB100-BZ206,1349,5000+,,自营,https://item.jd.com/100033294986.html,(2400+),(10+),(10+),98%
海尔全自动洗衣机家用大容量12KG公斤波轮洗脱一体幂动力少缠绕智能称重预约筒自洁 XQB120-F128,1999,200+,,自营,https://item.jd.com/100045846425.html,(50+),0,0,100%
海尔洗衣机15公斤双缸双筒商用家用半自动波轮宾馆酒店工厂大容量 双电机 不锈钢脱水桶XPB150-828S,1699,500+,,自营,https://item.jd.com/100045440487.html,(200+),-1,-1,99%
海信(Hisense) 7公斤滚筒洗衣机超薄嵌入全自动 除菌洗 冷水护色洗 家用小型便捷 HG70DA10 以旧换新,1399,1万+,,"自营,券99-15,每满1000-100",https://item.jd.com/100036417515.html,(5800+),(30+),(30+),98%
海信(Hisense)4.5公斤波轮洗衣机全自动家用洗衣机小型迷你 婴幼洗 快洗 顽渍洗 一键脱水 HB45D128,699,2000+,,"自营,满600-100",https://item.jd.com/10036368078370.html,(500+),-3,-3,99%
海信(Hisense)波轮洗衣机全自动 10公斤升级钛晶灰大容量 家用节能 除螨 免清洗HB100DF56 以旧换新,949,2万+,,"自营,每满600-50",https://item.jd.com/100016364001.html,(9700+),(30+),(30+),98%
海信(Hisense)波轮洗衣机全自动 10公斤升级钛晶灰大容量 家用节能 除螨 免清洗HB100DF56 以旧换新,949,2万+,,自营,https://item.jd.com/100016364001.html,(9700+),(30+),(30+),98%
海信(Hisense)小哈利 波轮洗衣机全自动 3公斤迷你洗衣机小型 婴儿儿童洗衣机 除螨洗HB30D128以旧换新,719,20万+,,"自营,券11-10,每满600-50",https://item.jd.com/100029131321.html,(11万+),(500+),(500+),98%
海信滚筒洗衣机全自动 10公斤家用大容量 超薄 BLDC变频 除菌除螨洗 洗衣机以旧换新 HG100DG12F,1499,1万+,,"自营,券99-15,每满1000-100",https://item.jd.com/100034455720.html,(5800+),(30+),(30+),98%
海信滚筒洗衣机全自动 10公斤家用大容量 超薄 BLDC变频 除菌除螨洗 洗衣机以旧换新 HG100DG12F,1499,1万+,,自营,https://item.jd.com/100034455720.html,(5800+),(30+),(30+),98%
华宝（HUABAO）洗衣机全自动家用大容量波轮小型智能宿舍出租房洗脱一体机 【店长推荐】8.2公斤金色【蓝光洗护+强力去污】,468,1万+,,"京东物流,券100-20",https://item.jd.com/10048423177980.html,(2500+),(30+),(30+),94%
华宝（HUABAO）洗衣机全自动家用大容量波轮小型智能宿舍出租房洗脱一体机 5.5公斤单人使用【蓝光洗护+强力去污】,398,1万+,,券100-20,https://item.jd.com/10048607515056.html,(2500+),(30+),(30+),94%
华凌美的出品 华凌洗衣机 C1W 波轮洗衣机全自动 8公斤 健康桶自洁 租房神器 水电双宽 HB80-C1W,699,10万+,,自营,https://item.jd.com/100039742614.html,(3.4万+),(200+),(200+),98%
华凌全自动滚筒洗衣机 7.2公斤家用大容量40厘米超薄设计双温除菌降噪夜间洗 7.2公斤HG72X1,1299,5000+,,"京东物流,秒杀,免邮",https://item.jd.com/10026420374394.html,(1400+),(10+),(10+),96%
惠而浦(whirlpool) 波轮洗衣机全自动 10公斤大容量 直驱变频电机 轻音节能 以旧换新EWVD114020T,2299,2万+,,"自营,厂商配送,赠",https://item.jd.com/100023801467.html,(1.3万+),(100+),(100+),98%
惠而浦(whirlpool) 波轮洗衣机全自动 8公斤大容量小身材 智能自编程随心洗 以旧换新EWVP112016T,1199,2万+,,"自营,赠",https://item.jd.com/100005469149.html,(1.3万+),(100+),(100+),98%
惠而浦(whirlpool) 波轮洗衣机全自动 9公斤大容量免清洗 直驱变频电机 高效节能 以旧换新 EWVD114018G,1799,2万+,,"自营,赠",https://item.jd.com/100003977998.html,(1.3万+),(100+),(100+),98%
惠而浦（whirlpool）10公斤全自动波轮洗衣机大容量家用 DD直驱变频 仿手洗 【活水漂洗】EWVD114020T火山灰,2299,200+,,"满1000-200,赠",https://item.jd.com/10051353811326.html,(50+),-1,-1,96%
惠而浦（whirlpool）9公斤大容量 直驱变频全自动 多种洗涤功能 波轮洗衣机 EWVD114018G,1599,200+,,自营,https://item.jd.com/100039405505.html,(80+),-1,-1,97%
惠而浦（whirlpool）9公斤大容量 直驱变频全自动 多种洗涤功能 波轮洗衣机 EWVD114018G,1599,200+,,"自营,厂商配送,券1400-200",https://item.jd.com/100039405505.html,(80+),-1,-1,97%
金帅6公斤大容量半自动洗衣机双桶双电机家用波轮脱水一键甩干洗脱两用老人会用XPB60-2668JS,379,1万+,,"自营,厂商配送",https://item.jd.com/100021969872.html,(4800+),(70+),(70+),96%
金帅8.5公斤半自动洗衣机大容量单桶单缸迷你儿童宝宝宿舍婴儿家用单筒 【家用优选】8.5公斤单桶+强力去污+无需安装,298,2000+,,,https://item.jd.com/41385703938.html,(900+),(10+),(10+),96%
金帅8.5公斤波轮洗衣机全自动 家用 大容量带蓝光24小时预约洗中途可添衣一键桶风干XQB85-3669,649,2万+,,"自营,厂商配送",https://item.jd.com/100014512270.html,(1万+),(90+),(90+),97%
金帅大容量10公斤半自动洗衣机双桶双电机家用波轮脱水一键甩干洗脱两用老人会用XPB100-2668S,569,1万+,,自营,https://item.jd.com/100026706586.html,(4800+),(70+),(70+),96%
京品家电LG 纤慧系列 10.5公斤滚筒洗衣机全自动 95℃高温煮洗 565mm超薄机身 智能手洗 白色FLX10N4W,2699,5万+,,"自营,券1500-120,赠",https://item.jd.com/100014449094.html,(2.5万+),(100+),(100+),98%
京品家电松下（Panasonic）白月光洗烘套装 10kg全自动滚筒洗衣机+9kg热泵烘干机家用 五档干衣 免熨烫31JED+EH900W,9499,2000+,,自营,https://item.jd.com/100012232309.html,(1900+),-8,-8,98%
京品家电松下（Panasonic）滚筒洗衣机白色全自动10kg 分类消毒洗15min超快洗 智能全触控屏 强劲变频电机 XQG100-31JED,3699,2万+,,"自营,闪购,券499-10,满1000-200,",https://item.jd.com/100012837619.html,(1.5万+),(100+),(100+),98%
卡萨帝（Casarte）晶彩云裳 滚筒洗衣机全自动10公斤洗烘一体机C1 H10S3CU1微蒸汽空气洗 直驱变频 以旧换新,7299,2万+,,"自营,券3000-300,赠",https://item.jd.com/100033033456.html,(1.3万+),(10+),(10+),99%
卡萨帝（Casarte）纤诺经典洗烘套装10Kg滚筒洗衣机全自动+10Kg家用热泵烘干机组合 C1 10P3U1+CG 10FP3U1,12998,2万+,,"自营,券6000-600",https://item.jd.com/100019363407.html,(1.3万+),(10+),(10+),99%
康佳 8KG 大容量全自动波轮小型洗衣机 租房神器 21分钟快洗 一键脱水 桶自洁风干XQB80-712,699,50万+,,自营,https://item.jd.com/4535332.html,(19万+),(1500+),(1500+),98%
康佳（KONKA）5公斤全自动波轮洗衣机 小型迷你 宿舍租房 老人专用 婴儿儿童宝宝 快速洗XQB50-50D0B,599,20万+,,自营,https://item.jd.com/100013635376.html,(7.5万+),(500+),(500+),98%
康佳（KONKA）7KG波轮洗衣机智能模糊控制全自动波轮小型洗衣机 一键脱水 24小时预约 一键快洗 KB70-J5201,629,50万+,,"自营,每满629-30",https://item.jd.com/100036077377.html,(19万+),(1500+),(1500+),98%
康佳（KONKA）7公斤超薄全自动滚筒洗衣机 宿舍租户小型迷你便捷 90°高温除菌 100%除螨 XQG70-10D01W,1099,5万+,,自营,https://item.jd.com/100019246478.html,(2.7万+),(200+),(200+),97%
康佳（KONKA）8公斤 半自动波轮洗衣机 大容量 双桶双缸 脱水甩干机 家电（白色）XPB80-752S,499,20万+,,自营,https://item.jd.com/700393.html,(15万+),(1300+),(1300+),98%
康佳（KONKA）波轮洗衣机全自动4.5公斤 迷你婴儿小型儿童内衣洗衣机小 22分钟快洗 XQB45-288,529,20万+,,自营,https://item.jd.com/100022563071.html,(7.5万+),(500+),(500+),98%
康佳（KONKA）京品家电 洗衣机10KG全自动波轮洗衣机 24小时预约洗 99%除菌率超薄以旧换新 10KG波轮（100QB7PT）,899,200+,,"自营,满500-150",https://item.jd.com/10062689852260.html,(100+),-2,-2,97%
康佳（KONKA）康佳10公斤波轮洗衣机全自动家用大容量洗脱一体XQB100-12D0B,799,50万+,,自营,https://item.jd.com/100026901480.html,(19万+),(1500+),(1500+),98%
康佳8公斤变频除菌滚筒洗衣机全自动 大小家庭适用 内衣婴儿洗 一级能效 XQG80-BB12D01W,1199,5万+,,自营,https://item.jd.com/100037095188.html,(2.7万+),(200+),(200+),97%
康佳变频除菌除螨全自动滚筒洗衣机 10公斤大容量 一键智慧洗 一级能效 XQG100-BB12581T,1399,5万+,,自营,https://item.jd.com/100036430820.html,(2.7万+),(200+),(200+),97%
康佳变频除菌除螨全自动滚筒洗衣机 10公斤大容量 一键智慧洗 一级能效 XQG100-BM121WKC,1199,5万+,,自营,https://item.jd.com/100026901562.html,(2.7万+),(200+),(200+),97%
美的（Midea） 美的（Midea）波轮洗衣机全自动 9公斤kg家用升级大容量宿舍租房神器内桶免清洗水电双宽以旧换新 MB90VJ58E,899,2万+,,"京东物流,秒杀,免邮,每满890-50",https://item.jd.com/10045096781538.html,(4800+),(50+),(50+),96%
美的（Midea）10公斤波轮洗衣机全自动 家用大容量免清洗喷布水流MB100ECO-H01MH,1049,2000+,,自营,https://item.jd.com/100018945328.html,(600+),-3,-3,98%
美的（Midea）10公斤波轮洗衣机全自动家用智能大容量免清洗喷布水流租房MB100ECO-H01MH,1049,500+,,"自营,厂商配送",https://item.jd.com/100021168925.html,(100+),-2,-2,97%
美的（Midea）10公斤全自动波轮洗衣机大容量免清洗家用租房京品洗衣机MB100ECO-H01MH 10KG免清洗波轮【新品玄武灰】,1099,1万+,,"自营,满1049-50",https://item.jd.com/10054071075315.html,(100+),0,0,98%
美的（Midea）10公斤全自动滚筒洗衣机变频大容量 巴氏除菌触摸屏 一级能效 MG100S31DG5-Y1YW,1649,1000+,,"自营,厂商配送",https://item.jd.com/100028515188.html,(800+),-1,-1,99%
美的（Midea）10公斤洗烘一体洗衣机滚筒全自动 母婴儿童内衣除螨除菌带烘干变频大容量京品以旧换新 【家电金榜认证】洗烘一体机,2499,5000+,,"自营,满2400-100",https://item.jd.com/10020856242402.html,(4700+),-9,-9,99%
美的（Midea）8公斤大容量全自动波轮洗衣机宿舍租房家用脱水甩干内桶专利免清洗MB80V33B,819,2000+,,"自营,厂商配送",https://item.jd.com/100020867623.html,(400+),-2,-2,98%
美的（Midea）波轮洗衣机全自动 10公斤 健康除螨 内桶免清洗 水电双宽 MB100KQ5,1549,2万+,,"京东物流,放心购,免邮,券500-20,",https://item.jd.com/10049968294889.html,(6800+),(40+),(40+),98%
美的（Midea）波轮洗衣机全自动 10公斤 银离子除菌 除螨洗 钢化玻璃面板 MB100VC157,1699,200+,,"京东物流,放心购,免邮,满1600-300",https://item.jd.com/10058190676440.html,(90+),-2,-2,97%
美的（Midea）波轮洗衣机全自动 10公斤kg大容量除螨洗甩干脱水宿舍租房京品家电可预约以旧换新 【随心洗系列】MB100KQ5,1299,5000+,,"自营,每满1290-250",https://item.jd.com/10049953443078.html,(1800+),-3,-3,99%
美的（Midea）波轮洗衣机全自动 10公斤kg家用大容量直驱变频电机健康除螨洗专属羊毛洗以旧换新 MB100V13DB,1599,1000+,,"自营,满1500-300",https://item.jd.com/10063208923546.html,(400+),-3,-3,98%
美的（Midea）波轮洗衣机全自动 5.5公斤 迷你洗衣机小型 家用租房宿舍专用 MB55V33E,699,2万+,,"京东物流,免邮,满600-30",https://item.jd.com/1806202855.html,(1万+),(100+),(100+),97%
美的（Midea）波轮洗衣机全自动 5.5公斤 迷你洗衣机小型 家用租房宿舍专用 MB55V33E,699,2万+,,,https://item.jd.com/1806202855.html,(1万+),(100+),(100+),97%
美的（Midea）波轮洗衣机全自动 55V35 5.5公斤 专利免清洗 品质电机 租房神器 迷你 随心洗系列 MB55V35E,669,50万+,,自营,https://item.jd.com/100017615343.html,(45万+),(2100+),(2100+),98%
美的（Midea）波轮洗衣机全自动 65V35 6.5公斤 专利免清洗 品质电机 租房神器 迷你 随心洗系列 MB65V35E,699,50万+,,自营,https://item.jd.com/100031598384.html,(45万+),(2100+),(2100+),98%
美的（Midea）波轮洗衣机全自动 8公斤 内桶免清洗 优质能效 小身材大容量 MB80V33B,899,5万+,,"京东物流,放心购,免邮,满800-80",https://item.jd.com/10022879373503.html,(1.8万+),(100+),(100+),97%
美的（Midea）波轮洗衣机全自动 8公斤 内桶免清洗 优质能效 小身材大容量 MB80V33B,899,5万+,,放心购,https://item.jd.com/10022879373503.html,(1.8万+),(100+),(100+),97%
美的（Midea）波轮洗衣机全自动 MB80ECO1 8公斤 专利免清洗 十年桶如新 立方内桶 随心洗系列 以旧换新,819,50万+,,"自营,券500-20",https://item.jd.com/100006500153.html,(27万+),(1700+),(1700+),98%
美的（Midea）波轮洗衣机全自动 MB80ECO1 8公斤 专利免清洗 十年桶如新 立方内桶 随心洗系列 以旧换新,819,50万+,,自营,https://item.jd.com/100006500153.html,(27万+),(1700+),(1700+),98%
美的（Midea）波轮洗衣机全自动 V13B 10公斤 健康除螨 专利免清洗 十年桶如新 随心洗系列 MB100V13B,1549,50万+,,"自营,券500-20,满1400-500,赠",https://item.jd.com/100037544124.html,(27万+),(1700+),(1700+),98%
美的（Midea）波轮洗衣机全自动 V13DB 10公斤 直驱变频电机 健康除螨 免清洗 随心洗系列 MB100V13DB,1599,50万+,,"自营,券500-20,满1500-300,赠",https://item.jd.com/100040353633.html,(27万+),(1700+),(1700+),98%
美的（Midea）波轮洗衣机全自动 大容量小型家用租房宿舍优选 安静节能深层净洗 【适用1-3人】8公斤全自动专利免清洗,799,96,,,https://item.jd.com/10067936339545.html,(10+),0,0,100%
美的（Midea）波轮洗衣机全自动 大容量小型家用租房宿舍优选 安静节能深层净洗 【适用3-5人】10公斤全自动升级直驱变频,1269,96,,,https://item.jd.com/10067936339547.html,(10+),0,0,100%
美的（Midea）波轮洗衣机全自动 快净系列 100V57 10公斤 银离子除菌 健康除螨 钢化玻璃门盖 MB100V57WAQCY,1599,50万+,,"自营,券500-20,满1500-200,赠",https://item.jd.com/100021630153.html,(27万+),(1700+),(1700+),98%
美的（Midea）波轮洗衣机全自动家用9公斤大容量宿舍出租房用 可单脱水健康免清洗MB90,849,2000+,,"自营,厂商配送",https://item.jd.com/100037294934.html,(800+),-2,-2,99%
美的（Midea）波轮洗衣机全自动小型 迷你家用6.5公斤kg水电双宽可预约以旧换新 MB65V33E,729,5000+,,"自营,每满720-30",https://item.jd.com/10051456902721.html,(1700+),(10+),(10+),98%
美的（Midea）波轮洗衣机全自动小型 迷你家用6.5公斤kg水电双宽可预约以旧换新 MB65V33E,729,5000+,,自营,https://item.jd.com/10051456902721.html,(1700+),(10+),(10+),98%
美的（Midea）滚筒洗衣机全自动 10KG公斤家用大容量京品家电低噪变频节能省电巴氏除菌洗以旧换新 MG100V11D,1599,1万+,,"京东物流,放心购,免邮,券500-20,",https://item.jd.com/56000840137.html,(7400+),(30+),(30+),99%
美的（Midea）滚筒洗衣机全自动 10公斤 除菌除螨 变频节能 智能家电 MG100V33WY,1899,2000+,,"京东物流,放心购,免邮,券500-20,",https://item.jd.com/10051366219137.html,(1000+),-1,-1,99%
美的（Midea）滚筒洗衣机全自动 10公斤KG家用大容量巴氏除菌洗变频节能家电 【简尚系列】高性价比除菌滚筒,1699,5000+,,"自营,券500-20,每满1690-200",https://item.jd.com/10038502641990.html,(2500+),(10+),(10+),99%
美的（Midea）滚筒洗衣机全自动 10公斤KG洗烘一体家用大容量智能烘干变频节能家电 【简尚系列】10公斤洗烘,1999,2000+,,"自营,券500-20,每满1990-100",https://item.jd.com/10039450150083.html,(2000+),-3,-3,99%
美的（Midea）滚筒洗衣机全自动 10公斤大容量 巴氏除菌洗 专业羽绒服洗 国际羊毛黑标 MG100VC133WY,1699,5000+,,"自营,券499-50",https://item.jd.com/100039031524.html,(2300+),-3,-3,99%
美的（Midea）滚筒洗衣机全自动 10公斤洗烘一体巴氏除菌洗智能家电BLDC变频电机大容量 智能除菌10KG洗烘,2599,2000+,,"京东物流,放心购,免邮,券500-20,",https://item.jd.com/10051386049215.html,(1700+),-6,-6,99%
美的（Midea）滚筒洗衣机全自动 QY1 巴氏除菌洗 变频电机 高温筒自洁 简约触控 简尚系列 10公斤 MG100QY1,1799,10万+,,"自营,券1100-100,每满1000-100,赠",https://item.jd.com/100023481142.html,(6.9万+),(200+),(200+),99%
美的（Midea）滚筒洗衣机全自动 QY1 洗烘一体 祛味空气洗 巴氏除菌洗 变频电机 简尚系列 10公斤 MD100QY1,2399,10万+,,"自营,券1100-100,每满1000-100,赠",https://item.jd.com/100012232311.html,(6.9万+),(200+),(200+),99%
美的（Midea）滚筒洗衣机全自动 V11D 洗烘一体 巴氏除菌洗 变频 祛味空气洗 简尚系列 10公斤 MD100V11D,2099,50万+,,"自营,券500-20,每满1000-100",https://item.jd.com/100007255984.html,(18万+),(900+),(900+),98%
美的（Midea）滚筒洗衣机全自动 V33 除菌净螨 变频电机 智能家电 高温筒自洁 简尚系列 10公斤 MG100V33WY,1769,50万+,,"自营,秒杀,券500-20,每满1000-100,",https://item.jd.com/100037034488.html,(18万+),(900+),(900+),98%
美的（Midea）滚筒洗衣机全自动 V33 除菌净螨 变频电机 智能家电 高温筒自洁 简尚系列 10公斤 MG100V33WY,1769,50万+,,自营,https://item.jd.com/100037034488.html,(18万+),(900+),(900+),98%
美的（Midea）滚筒洗衣机全自动 V33 洗烘一体 除菌净螨 羽绒云朵烘 智能家电 简尚系列 10公斤 MD100V33WY,2499,50万+,,自营,https://item.jd.com/100021267927.html,(18万+),(900+),(900+),98%
美的（Midea）滚筒洗衣机全自动 V33 洗烘一体 除菌净螨 羽绒云朵烘 智能家电 简尚系列 10公斤 MD100V33WY,2499,50万+,,"自营,券500-20,每满1000-100,赠",https://item.jd.com/100021267927.html,(18万+),(900+),(900+),98%
美的（Midea）滚筒洗衣机全自动 初见系列 CQ7 智能投放 直驱变频 护肤洗 高颜石砾青 10公斤 MG100CQ7IPRO,3699,5万+,,"自营,券500-20,每满1000-100,赠",https://item.jd.com/100036754204.html,(3.9万+),(100+),(100+),99%
美的（Midea）滚筒洗衣机全自动 快净系列 V58 洗烘一体 智能投放 消毒洗 净螨除菌 钛色 10公斤 MD100V58WIT,2999,10万+,,"自营,券500-20,赠",https://item.jd.com/100023071705.html,(6.9万+),(200+),(200+),99%
美的（Midea）滚筒洗衣机全自动 快净系列 V5S 洗烘一体 智能投放 超薄机身 1.1高洗净比 除菌 10公斤 MD100V5S,4199,50万+,,"自营,券500-20,每满1000-100,赠",https://item.jd.com/100041722597.html,(18万+),(900+),(900+),98%
美的（Midea）滚筒洗衣机全自动10公斤大容量 一级变频节能 巴氏除菌洗蓬松羽绒服洗 智能家电 MG100VC133WY,1699,2000+,,"自营,厂商配送,券800-50",https://item.jd.com/100039099544.html,(800+),-2,-2,99%
美的（Midea）京品洗衣机全自动波轮 8公斤kg宿舍租房家用大容量内桶专利免清洗以旧换新,849,10万+,,"京东物流,放心购,秒杀,免邮,",https://item.jd.com/1612007915.html,(100+),0,0,98%
美的（Midea）内衣内裤分桶洗衣机便携式婴儿童衣服清洗机1.5KG触控迷你洗袜子神器（一机一桶） MFB15-31S,469,2万+,,自营,https://item.jd.com/100028652776.html,(4700+),(100+),(100+),92%
美的（Midea）全自动波轮洗衣机 90V37 9公斤 专利免清洗 十年桶如新 线屑过滤净 随心洗系列 MB90V37E,849,50万+,,自营,https://item.jd.com/100019343271.html,(45万+),(2100+),(2100+),98%
美的（Midea）双桶洗衣机半自动 MP100-S875 10公斤大容量 品牌电机 喷淋漂洗 双桶 双缸,669,20万+,,自营,https://item.jd.com/100034716561.html,(12万+),(400+),(400+),99%
美的（Midea）洗衣机10公斤滚筒全自动大容量家用 巴氏除菌洗 节能底噪BLDC变频电机 【防皱护色除螨】7Kg直排单烘机MH70VZ10,1099,1000+,,,https://item.jd.com/10065188132236.html,(600+),-2,-2,98%
美的（Midea）洗衣机8公斤波轮全自动家用大容量宿舍租房专利免清洗小型 8波轮,869,5000+,,,https://item.jd.com/10047102450604.html,(2000+),-9,-9,98%
美的（Midea）洗衣机波轮全自动 5.5公斤kg迷你省空间宿舍租房家用脱水甩干免清洗可预约以旧换新 MB55V33E,699,5000+,,"自营,每满690-30",https://item.jd.com/10049299938460.html,(1900+),(20+),(20+),97%
美的（Midea）洗衣机波轮全自动 5.5公斤kg迷你省空间宿舍租房家用脱水甩干免清洗可预约以旧换新 MB55V33E,699,5000+,,自营,https://item.jd.com/10049299938460.html,(1900+),(20+),(20+),97%
美的（Midea）洗衣机全自动8公斤波轮洗脱一体 宿舍 租房专用 大容量健康免清洗 MB80V33B,819,200+,,"自营,厂商配送",https://item.jd.com/100032121571.html,(70+),-2,-2,97%
美的（Midea）洗衣机全自动波轮 10公斤大容量京品家用租房宿舍用 立方内桶 水电双宽 升级除螨洗 【尊贵玄武灰】10KG除螨波轮,1549,1000+,,满1539-490,https://item.jd.com/10059252793994.html,(200+),-1,-1,98%
美的（Midea）洗衣机全自动波轮 可选大容量宿舍租房家用 单脱水快洗节能省电免清洗 8公斤免清洗MB80V33B,869,1万+,,,https://item.jd.com/10048721694952.html,(3100+),(30+),(30+),97%
美的洗衣机10公斤全自动波轮大容量家用租房神器免清洗桶自洁除菌洗洗脱一体机自营MB100ECO-H01MH,1099,2000+,,"自营,厂商配送",https://item.jd.com/100036529236.html,(1100+),-7,-7,98%
美的洗衣机10公斤全自动波轮大容量家用租房神器免清洗桶自洁除菌洗洗脱一体机自营MB100ECO-H01MH,1099,2000+,,"自营,券1098-50",https://item.jd.com/100036529236.html,(1100+),-7,-7,98%
美菱(MELING)12公斤全自动波轮洗衣机 多程序控制 大容量 省水省电 咖啡灰 B120M508AGX,待发布,200+,,自营,https://item.jd.com/100050228857.html,(300+),0,0,100%
美菱（MELING)5.5KG波轮全自动洗衣机洗脱一体宿舍租房迷你小型家用智能预约桶自洁WB5522X1宝石灰,568,5000+,,"秒杀,满500-40",https://item.jd.com/100045963181.html,(3700+),-1,-1,99%
美菱（MELNG) 15KG半自动洗衣机双缸家用宿舍租房大容量双桶洗脱分离强力去污 WP1522G 流光金,738,1000+,,"秒杀,满500-40",https://item.jd.com/100045963195.html,(600+),-1,-1,98%
米家小米 滚筒洗衣机全自动 10kg洗烘一体 微蒸空气洗除菌喷淋 小爱语音直驱电机节能 XHQG100MJ202,1999,20万+,,自营,https://item.jd.com/100019522560.html,(6.5万+),(300+),(300+),98%
米家小米出品 10kg滚筒洗衣机全自动 直驱电机低噪节能除菌除螨 超薄可嵌入XQG100MJ201,1399,20万+,,自营,https://item.jd.com/100038937123.html,(6.5万+),(300+),(300+),98%
米家小米出品波轮洗衣机全自动 3公斤迷你婴儿小型儿童内衣洗衣机小 婴童洗深度除螨 XQB30MJ102W,699,20万+,,自营,https://item.jd.com/100038937125.html,(7万+),(400+),(400+),98%
米家小米出品滚筒洗衣机全自动 10kg洗烘一体 微蒸空气洗除菌 智能烘干直驱电机节能低噪 XHQG100MJ101,1899,20万+,,自营,https://item.jd.com/100022494103.html,(6.5万+),(300+),(300+),98%
米家小米米家15KG子母双筒分区洗衣机洗烘一体滚筒全自动 直驱变频高温洗空气洗XHQG150XM21,4999,20万+,,自营,https://item.jd.com/100029180315.html,(6.5万+),(300+),(300+),98%
南极人 全自动洗衣机 波轮式 宿舍小型家用 智能洗脱一体机 3.5KG【母婴款】强力风干 蓝光洗护,358,1万+,,,https://item.jd.com/10058405598808.html,(2400+),(20+),(20+),94%
南极人 全自动洗衣机 波轮式 宿舍小型家用 智能洗脱一体机 5.5KG 强力风干 蓝光洗护 单人款,398,1万+,,,https://item.jd.com/10058405598809.html,(2400+),(20+),(20+),94%
南极人8KG洗衣机全自动波蓝光健康洗护智能风干桶自洁宿舍家用洗脱一体机NJR-XQB80-1190,479,200+,,自营,https://item.jd.com/100044874865.html,(40+),-3,-3,81%
南极人洗衣机小型 迷你洗衣机 内衣洗衣机 小型洗衣机 婴儿洗衣机 半自动小洗衣机自营洗甩一体机单扭白,119,1000+,,自营,https://item.jd.com/100043151881.html,(400+),(10+),(10+),89%
拍拍【99新】小米出品米家 10公斤互联网洗烘一体机 除螨APP控制滚筒洗衣机XHQG100MJ01 米家 10公斤互联网洗烘一体机 除螨APP控制滚筒,1599,35,,,https://item.jd.com/10047367764840.html,(100+),0,0,98%
拍拍【上门服务】【破损包赔】申花全自动波轮洗衣机家用小型宿舍尾货机小天鹅美的小米海尔洗一体蓝光节能大容量 3.5KG-母婴专洗【童锁保护+智能风干,388,5000+,,,https://item.jd.com/10033082209531.html,(100+),0,0,98%
拍拍【上门服务】【破损包赔】申花全自动波轮洗衣机家用小型宿舍尾货机小天鹅美的小米海尔洗一体蓝光节能大容量 8.0KG【自洁桶+蓝光+风干+强电机+预,458,5000+,,,https://item.jd.com/10033293876477.html,(19万+),(300+),(300+),99%
拍拍【上门服务】【破损包赔】申花洗衣机全自动波轮家用小型宿舍尾货机租房小天鹅美的海尔智能大容量洗脱一体 3.5KG【风干+强电机+童锁+断电保护】,368,5万+,,,https://item.jd.com/10033212484191.html,-4,0,0,100%
拍拍【上门服务】【破损包赔】申花洗衣机全自动波轮家用小型宿舍尾货机租房小天鹅美的海尔智能大容量洗脱一体 3.5KG【强电机+童锁+风干+断电保护】,368,5万+,,,https://item.jd.com/10033212340489.html,-4,0,0,100%
拍拍【上门服务】【破损包赔】申花洗衣机全自动波轮家用小型宿舍尾货机租房小天鹅美的海尔智能大容量洗脱一体 8.0KG【强电机+自洁桶+风干+蓝光+预约,458,5万+,,,https://item.jd.com/10033082384243.html,(200+),-5,-5,97%
拍拍【上门服务】【破损包赔】申花洗衣机全自动波轮家用小型宿舍尾货机租房小天鹅美的海尔智能大容量洗脱一体 8.0KG【强电机+自洁桶+风干+预约+蓝光,458,5万+,,,https://item.jd.com/10033212340490.html,-4,0,0,100%
拍拍【上门服务】【破损包赔】申花洗衣机全自动波轮家用小型宿舍尾货机租房小天鹅美的海尔智能大容量洗脱一体 9.0KG【强电机+自洁桶+风干+蓝光+预约,528,5万+,,券300-10,https://item.jd.com/10033212340488.html,(80+),-1,-1,97%
拍拍【上门服务】【省水省电】申花全自动波轮洗衣机家用小型舍尾货机小天鹅美的小米海尔租房智能洗脱一体大容量 3.5KG-【童锁保护+智能风干】母婴专,388,2000+,,,https://item.jd.com/10034957292358.html,(6300+),(70+),(70+),96%
拍拍【上门服务】【省水省电】申花全自动波轮洗衣机家用小型舍尾货机小天鹅美的小米海尔租房智能洗脱一体大容量 3.5KG-【童锁保护+智能风干】母婴专,388,2000+,,券300-10,https://item.jd.com/10034957292358.html,(3700+),-1,-1,99%
拍拍【尾货机】夏新（Amoi）洗衣机 波轮全自动洗衣机蓝光健康洗护智能 桶自洁 大容量 洗脱一体机 家用 7.5公斤【蓝光洗护+智能风干+节能省电】,468,200+,,京东物流,https://item.jd.com/10053235601452.html,(9300+),(20+),(20+),99%
拍拍【尾货机】夏新（Amoi）洗衣机全自动波轮 蓝光健康洗护智能风干 桶自洁 宿舍出租房家用洗脱一体机 10公斤【蓝光洗护+智能风干+强力电机】,759,5000+,,京东物流,https://item.jd.com/10047692910780.html,(50+),-1,-1,96%
拍拍【尾货机】夏新（Amoi）洗衣机全自动波轮 蓝光健康洗护智能风干 桶自洁 宿舍出租房家用洗脱一体机 10公斤【蓝光洗护+智能风干+强力电机】,759,5000+,,"京东物流,券99-10",https://item.jd.com/10047692910780.html,(2400+),(10+),(10+),98%
拍拍【尾货机】夏新（Amoi）洗衣机全自动波轮 蓝光健康洗护智能风干 桶自洁 宿舍出租房家用洗脱一体机 3.5公斤【蓝光洗护+智能风干+强力电机】,379,5000+,,,https://item.jd.com/10044598641062.html,(5万+),(200+),(200+),98%
拍拍【尾货机】夏新（Amoi）洗衣机全自动波轮 蓝光健康洗护智能风干 桶自洁 宿舍出租房家用洗脱一体机 7.5公斤【蓝光洗护+智能风干+强力电机】,468,5000+,,京东物流,https://item.jd.com/10044598641063.html,(5.1万+),(200+),(200+),98%
拍拍【尾货机】夏新（Amoi）洗衣机全自动波轮 蓝光健康洗护智能风干 桶自洁 宿舍出租房家用洗脱一体机 8.2公斤【蓝光洗护+智能风干+强力电机】,498,5000+,,京东物流,https://item.jd.com/10044598641064.html,(5.1万+),(200+),(200+),98%
拍拍【尾货机】夏新（Amoi）洗衣机全自动波轮 蓝光健康洗护智能风干 桶自洁 宿舍出租房家用洗脱一体机 8.2公斤香槟金【蓝光洗护+智能风干+强力电机】,498,5000+,,京东物流,https://item.jd.com/10044598641065.html,(5万+),(200+),(200+),98%
拍拍【尾货机】夏新（Amoi）洗衣机全自动波轮 蓝光健康洗护智能风干 桶自洁 宿舍出租房家用洗脱一体机 9公斤【蓝光洗护+智能风干+强力电机】,548,5000+,,京东物流,https://item.jd.com/10044598641067.html,(31万+),(1300+),(1300+),99%
拍拍【尾货机】先科12Kg全自动家用宿舍洗脱一体高强力大容量洗衣机 7.5KG智能风干+强动力电机 强动 力,520,5,,,https://item.jd.com/10066472385480.html,(1万+),(200+),(200+),93%
拍拍【尾货机】小天鹅 小鸭 全自动洗衣机8\\10kg家用波轮大容量热烘干迷你甩干脱水机学生宿舍出租房 4.2kg智能风干+蓝光洗护【宝宝专享】,498,1000+,,,https://item.jd.com/10049521616087.html,(900+),(10+),(10+),96%
拍拍【尾货机】小天鹅 小鸭 全自动洗衣机8\\10kg家用波轮大容量热烘干迷你甩干脱水机学生宿舍出租房 7.5kg智能风干+蓝光洗护【推荐2-3人】,599,1000+,,,https://item.jd.com/10049521616090.html,(200+),0,0,99%
拍拍【尾货机】小天鹅 小鸭 全自动洗衣机8\\10kg家用波轮大容量热烘干迷你甩干脱水机学生宿舍出租房 7.5kg智能风干+蓝光洗护【推荐2-3人】,599,1000+,,,https://item.jd.com/10049521616090.html,(70+),-2,-2,97%
拍拍【尾货机】小天鹅 扬派 洗衣机全自动小型波轮健康蓝光洗智能风干家用宿舍洗脱一体机 6公斤【蓝光除菌+自动风干】,435,200+,,,https://item.jd.com/10066155620845.html,(900+),(10+),(10+),96%
拍拍【尾货机】扬子洁佳12Kg洗衣机全自动波轮大容量内筒洗衣机 10KG强力风干【六年质保 送货入户】,540,77,,,https://item.jd.com/10066472268011.html,0,0,0,100%
拍拍【尾货机】扬子洁佳12Kg洗衣机全自动波轮大容量内筒洗衣机 7.5KG强力风干【六年质保 送货入户】,461,77,,,https://item.jd.com/10066472249706.html,(6300+),(70+),(70+),96%
拍拍【尾货机】扬子洁佳12Kg洗衣机全自动波轮大容量内筒洗衣机 8.5KG智能风干【六年质保 送货入户】,513,77,,,https://item.jd.com/10066472249709.html,(100+),0,0,98%
拍拍【尾货机】扬子洁佳12Kg洗衣机全自动波轮大容量内筒洗衣机 9KG智能风干【六年质保 送货入户】,520,77,,,https://item.jd.com/10066472249710.html,(200+),-5,-5,86%
拍拍【尾货机】志高（CHIGO）洗衣机全自动波轮大容量强劲动力洗护衣物 家用出租屋宿舍酒店智能 洗脱一体 3.5KG【蓝光洗护+智能风干+强动力电机】,438,1000+,,"京东物流,免邮",https://item.jd.com/10052473480050.html,(5.1万+),(200+),(200+),98%
拍拍【尾货机】志高（CHIGO）洗衣机全自动波轮大容量强劲动力洗护衣物 家用出租屋宿舍酒店智能 洗脱一体 5.5KG【蓝光洗护+智能风干+强动力电机】,518,1000+,,"京东物流,免邮",https://item.jd.com/10052676906589.html,(14万+),(2000+),(2000+),96%
拍拍【尾货机】志高（CHIGO）洗衣机全自动波轮大容量强劲动力洗护衣物 家用出租屋宿舍酒店智能 洗脱一体 5.5KG香槟金【蓝光洗护+智能风干+强动力电机】,518,1000+,,"京东物流,免邮",https://item.jd.com/10052676906590.html,(8800+),(40+),(40+),97%
拍拍【尾货机】志高（CHIGO）洗衣机全自动波轮大容量强劲动力洗护衣物 家用出租屋宿舍酒店智能 洗脱一体 6.5KG香槟金【蓝光洗护+智能风干+强动力电机】,558,1000+,,"京东物流,免邮",https://item.jd.com/10052676906592.html,(900+),(10+),(10+),96%
拍拍【尾货机】志高（CHIGO）洗衣机全自动波轮大容量强劲动力洗护衣物 家用出租屋宿舍酒店智能 洗脱一体 7.5KG香槟金【蓝光洗护+智能风干+强动力电机】,578,1000+,,"京东物流,免邮,券99-10",https://item.jd.com/10052676906594.html,(100+),0,0,99%
拍拍【尾货机】志高（CHIGO）洗衣机全自动波轮大容量强劲动力洗护衣物 家用出租屋宿舍酒店智能 洗脱一体 8KG【蓝光洗护+智能风干+强动力电机】,598,1000+,,"京东物流,免邮",https://item.jd.com/10052676906595.html,(4400+),(30+),(30+),98%
拍拍奥克斯（AUX）洗脱15公斤大容量半自动洗衣机家用宿舍双桶双缸出租房小型 洗+脱共5公斤,336,100+,,,https://item.jd.com/10049509342406.html,(1700+),(10+),(10+),98%
拍拍二手滚筒洗衣机6kg以下一线品牌送货到家包安装详询客服 5-5.9KG特价滚筒,699,200+,,,https://item.jd.com/10023253282325.html,(14万+),(2000+),(2000+),96%
拍拍二手洗衣机5-5.9kg滚筒洗衣机一线大牌包邮到家整机质保 美的5-5.9kg滚筒,699,72,,,https://item.jd.com/10059524025167.html,-2,0,0,100%
拍拍海尔奥克斯（AUX）波轮洗衣机全自动 小型家用洗脱一体风干迷你 宿舍租房大容量 一键脱水带甩干 42 仿生手洗+强力去污 1人使用 母婴款,399,29,,,https://item.jd.com/10064225804764.html,(2400+),(20+),(20+),94%
拍拍家用全自动洗衣机5.9kg以下多品多规格可选送货到家 美的6公斤以下波轮洗衣机,399,100+,,,https://item.jd.com/10060251058118.html,0,0,0,100%
拍拍家用全自动洗衣机5.9kg以下多品多规格可选送货到家 小天鹅6公斤以下波轮,399,100+,,,https://item.jd.com/10029153293260.html,(1万+),(200+),(200+),93%
拍拍家用全自动洗衣机5.9kg以下多品多规格可选送货到家 小天鹅6公斤以下波轮,399,100+,,免邮,https://item.jd.com/10029153293260.html,(10万+),(800+),(800+),97%
拍拍小天鹅10公斤变频波轮洗衣机全自动水魔方防缠绕银离子除菌家用宿舍洗脱一体机尾货机TB100S87 4公斤:专业洗鞋机+不能洗衣,329,19,,赠,https://item.jd.com/10060610253733.html,(118万+),(7500+),(7500+),98%
拍拍小天鹅洗衣机10公斤kg全自动家用变频滚筒洗脱一体机家用大容量尾货机 TG100V196WIDY 7.5公斤:专业脱水机+不能洗衣,229,100+,,"免邮,赠",https://item.jd.com/10060908137689.html,(200+),-5,-5,86%
拍拍小天鹅洗衣机8公斤 波轮全自动 健康免清洗 除螨洗 一键脱水 品质电机 TB80V23H 【样品机】,859,83,,赠,https://item.jd.com/10034639735713.html,(1700+),(10+),(10+),98%
拍拍一线品牌二手滚筒洗衣机5-5.9kg容量标准租房家用洗衣机多品牌可选 6kg以下滚筒可供2-3人使用,699,500+,,,https://item.jd.com/10024187703698.html,-9,0,0,100%
全自动洗衣机10公斤大容量租房宿舍洗烘一体小型波轮智能热烘干丁天鹅 8.2KG蓝光+强力风干咖啡加厚款【10年联保】,668,1万+,,,https://item.jd.com/10056802624348.html,(1300+),(40+),(40+),88%
全自动洗衣机家用10公斤大容量智能蓝光波轮风干出租房洗衣机扬派 6公斤蓝光纳米健康洗/智能强力风干,370,200+,,,https://item.jd.com/10061658555539.html,(100+),-4,-4,95%
全自动洗衣机洗烘一体 大容量 智能波轮洗脱一体机 预约定时 蓝光除螨 带风干功能家用租房宿 6公斤公斤蓝光纳米健康洗/智能强力风干,370,68,,,https://item.jd.com/10058843713962.html,(30+),-1,-1,78%
全自动洗衣机洗烘一体 大容量 智能波轮洗脱一体机 预约定时 蓝光除螨 带风干功能家用租房宿舍YANG 6公斤公斤蓝光纳米健康洗/智能强力风干,370,66,,,https://item.jd.com/10065290752753.html,(30+),0,0,94%
全自动洗衣机洗烘一体 大容量 智能波轮洗脱一体机 预约定时 蓝光除螨 带风干功能家用租房宿舍YANG 6公斤公斤蓝光纳米健康洗/智能强力风干,370,66,,新品,https://item.jd.com/10065290752753.html,(30+),0,0,94%
荣事达(Royalstar) 洗衣机 6.5公斤全自动租房宿舍家用波轮小洗衣机 以旧换新 透明灰ERVP191013T,599,20万+,,自营,https://item.jd.com/100014962774.html,(5.4万+),(600+),(600+),97%
荣事达（Royalstar）全自动波轮洗衣机家用租房节能大容量一键脱水蓝光 7.0KG 加厚冲销量款,508,5万+,,"京东物流,每满508-10",https://item.jd.com/72253356401.html,(1.5万+),(300+),(300+),94%
荣事达（Royalstar）洗衣机 8公斤全自动波轮家用脱水机甩干机宿舍租房洗衣机 以旧换新 透明灰 ERVP192016T,678,20万+,,自营,https://item.jd.com/100014524372.html,(5.4万+),(600+),(600+),97%
荣事达（Royalstar）洗衣机10公斤全自动波轮大容量家用脱水机宿舍租房可预约洗衣机 以旧换新浅灰ERVP192020T,749,20万+,,自营,https://item.jd.com/100015688572.html,(5.4万+),(600+),(600+),97%
荣事达（Royalstar）洗衣机半自动家用大容量双桶双缸波轮洗衣机脱水甩干双筒 半自动 8公斤 XPB80-957PHR,408,2万+,,"免邮,券408-10",https://item.jd.com/67102192857.html,(6600+),(100+),(100+),95%
上海牌8公斤半自动洗衣机大容量家用双缸双桶波轮租房宿舍小型脱水甩干 8公斤【洗涤8KG+脱水6KG+晒图奖励10R】,348,5万+,,赠,https://item.jd.com/12189500099.html,(2.9万+),(200+),(200+),98%
申花（SHENHUA）13KG双缸双桶洗衣机半自动大容量家用商用脱水甩干机强劲动力洗大件XPB130-100S蓝,498,1000+,,"自营,满300-10",https://item.jd.com/100048395505.html,(200+),-2,-2,97%
申花（SHENHUA）8.5KG 双缸双桶洗衣机半自动大容量家用商脱水甩干机 强劲动力洗大件XPB85-8168S 蓝,378,1000+,,"自营,满300-10",https://item.jd.com/100048395523.html,(200+),-2,-2,97%
申花（SHENHUA）洗衣机全自动波轮家用小型出租房宿舍蓝光健康洗护智能风干洗烘一体XQB100-8189热烘干,688,500+,,"自营,满300-10",https://item.jd.com/100045533199.html,(600+),-3,-3,99%
申花（SHENHUA）洗衣机全自动波轮家用小型出租房宿舍蓝光健康洗护智能风干洗脱一体 XQB90-8189玻璃,588,500+,,"自营,满300-10",https://item.jd.com/100045533225.html,(600+),-3,-3,99%
申花（SHENHUA）洗衣机全自动波轮家用小型出租房宿舍蓝光健康洗护智能风干洗脱一体XQB60-2010咖啡金,418,5000+,,"自营,秒杀,满300-10",https://item.jd.com/100040018579.html,(2100+),(20+),(20+),95%
申花（SHENHUA）洗衣机全自动波轮家用小型出租房宿舍蓝光健康洗护智能风干洗脱一体XQB80-8188咖啡金,458,5000+,,"秒杀,满300-10",https://item.jd.com/100040015243.html,(2100+),(20+),(20+),95%
申花（SHENHUA）洗衣机全自动小型波轮 智能蓝光健康洗桶风干一键快洗 家用出租房宿舍 以旧换新 8公斤【健康蓝光洗+智能桶风干+咖啡金】,458,5万+,,"京东物流,券99-10,满99-10,赠",https://item.jd.com/71879844651.html,(1.5万+),(200+),(200+),94%
申花洗衣机半自动 大容量双缸双桶家用小型迷你波轮出租房脱水甩干机 强劲动力去污洗大件四件套 以旧换新 【10公斤 洗脱分离 好运金】,438,200+,,"满99-10,赠",https://item.jd.com/10055851548824.html,(50+),-1,-1,96%
松下 (Panasonic)【旗舰新品】滚筒洗衣机全自动10公斤大容量 BLDC变频节能轻音 快速洗 XQG100-N1MT,3199,1000+,,"自营,满2000-200",https://item.jd.com/10059090546614.html,(400+),-4,-4,98%
松下(Panasonic) 10公斤变频滚筒洗衣机 95度高温除菌 泡沫净 防缠绕 变频三维立体洗护 XQG100-E157,4298,100+,,自营,https://item.jd.com/100048262437.html,(70+),0,0,100%
松下(Panasonic) 10公斤全自动滚筒洗衣机洗烘一体一级变频除菌除螨空气洗XQG100-ND1YS,3998,72,,"自营,券3900-448",https://item.jd.com/100020849045.html,(20+),0,0,100%
松下(Panasonic) 波轮洗衣机8公斤全自动家用出租房省电省水智能量衣进水安心童锁桶洗净 灰色,1099,30,,自营,https://item.jd.com/100045564991.html,-9,0,0,100%
松下（Panasonic) 松下9KG波轮 超大投放口 一键智洗 加高底座 “三好”洗衣机 XQB90-U9L21,2998,100+,,自营,https://item.jd.com/100033961438.html,(100+),0,0,100%
松下(Panasonic)【旗舰新品】滚筒洗衣机全自动 10KG大容量 BLDC变频电机 智能节水 银色XQG100-N13S 升级款,3199,200+,,"自营,满3000-200",https://item.jd.com/10059090413950.html,(100+),0,0,99%
松下（Panasonic）【旗舰新品】滚筒洗衣机全自动 洗烘一体10公斤 空气洗 除螨除菌 变频电机 XQG100-ND1MT,3999,500+,,"自营,满3000-200",https://item.jd.com/10059090893017.html,(200+),0,0,99%
松下(Panasonic)【旗舰新品】滚筒洗衣机全自动10公斤大容量 BLDC变频电机 智能节水省电 白月光P3 【XQG100-N103】,3199,100+,,"自营,满3000-200",https://item.jd.com/10059090366904.html,(60+),0,0,98%
松下（Panasonic）波轮洗衣机全自动10公斤 节能省水智能洗 线屑收集 柔顺剂投放口 大容量桶洗净 XQB100-TSWTS,1899,20万+,,自营,https://item.jd.com/100016305338.html,(12万+),(600+),(600+),98%
松下（Panasonic）超薄洗衣机洗烘一体机滚筒全自动10kg 纳诺怡除味 光动银除菌泡沫净XQG100-SD139以旧换新,6799,2万+,,"自营,券999-50,满3000-500,赠",https://item.jd.com/100007234155.html,(1.4万+),(90+),(90+),98%
松下(Panasonic)滚筒洗衣机10KG洗烘一体 全触控智慧屏 三维立体柔洗 独立线屑烘干过滤 EG10S,6098,1万+,,自营,https://item.jd.com/100021134973.html,(1万+),-2,-2,99%
松下（Panasonic）滚筒洗衣机全自动10公斤分类消毒洗 15min超快洗 强劲变频电机节水省电XQG100-31JE5以旧换新,3899,2万+,,"自营,券499-10,满1000-200,赠",https://item.jd.com/100021737358.html,(1.5万+),(100+),(100+),98%
松下（Panasonic）滚筒洗衣机全自动10公斤分类消毒洗 15min超快洗 强劲变频电机节水省电XQG100-31JE5以旧换新,3899,2万+,,自营,https://item.jd.com/100021737358.html,(1.5万+),(100+),(100+),98%
松下（Panasonic）滚筒洗衣机全自动8公斤 99.99%高效除菌 变频强劲节能感应 泡沫快净洁衣科技 XQG80-ESN81,2299,2万+,,"自营,满1000-200",https://item.jd.com/100033007462.html,(1.5万+),(100+),(100+),98%
松下(Panasonic)滚筒洗衣机全自动8公斤 BLDC电机 轻音变频 除菌洗泡沫净 节能洗筒自洁 XQG80-3GYEA【除菌洗】以旧换新,2299,5000+,,"自营,满2000-200",https://item.jd.com/10035355110100.html,(3000+),(20+),(20+),98%
松下(Panasonic)滚筒洗衣机全自动9公斤 BLDC电机 节能轻音 除菌洗羽绒羊毛洗 筒自洁 除菌洗 XQG90-ESG91 以旧换新,2699,2000+,,"自营,满2000-200",https://item.jd.com/10023066688702.html,(700+),-3,-3,98%
松下（Panasonic）滚筒洗衣机全自动超薄8公斤家用节能节水一级能效BLDC变频下排水银色XQG80-N82ST 臻品,2099,1000+,,"自营,赠",https://item.jd.com/100049303083.html,(200+),-3,-3,96%
松下（Panasonic）京选全自动波轮洗衣机8公斤 人工智能 省电轻音 桶自洁 桶风干 节能省水 XQB80-K10N,999,4,,"自营,赠",https://item.jd.com/100052081523.html,-4,0,0,100%
松下（Panasonic）京选洗衣机10公斤全自动 洗衣机波轮家用租房老人节水省电防缠绕桶洗净 XQB100-KNA07,1499,13,,"自营,厂商配送,赠",https://item.jd.com/100052081525.html,-8,0,0,100%
松下（Panasonic）全自动1kg小波轮洗衣机 内衣贴身衣物仿手洗 除菌螨 宠肌洗 迷你母婴洗 XQB10-A10L贴心蓝,1699,5000+,,"自营,厂商配送,闪购,券499-10",https://item.jd.com/100043778647.html,(2300+),(10+),(10+),97%
松下（Panasonic）全自动波轮洗衣机 8公斤家用出租房老人省电省水人工智能轻柔洗涤优选 XQB80-T8JSA以旧换新,1099,200+,,"自营,厂商配送,赠",https://item.jd.com/100037933913.html,(60+),-1,-1,96%
松下（Panasonic）全自动波轮洗衣机10公斤 不弯腰设计 一键智能洗 防缠绕大容量 优选 XQB100-UACBJ以旧换新,2599,200+,,"自营,赠",https://item.jd.com/100034502636.html,(60+),-1,-1,96%
松下(Panasonic)全自动波轮洗衣机10公斤 节能省水智能洗涤 大容量桶洗净桶风干 强力洗 XQB100-3K1N7,1599,20万+,,"自营,新品,满500-100",https://item.jd.com/100040958144.html,(12万+),(600+),(600+),98%
松下(Panasonic)全自动波轮洗衣机10公斤 节能省水智能洗涤 大容量桶洗净桶风干 强力洗 XQB100-3K1N7,1599,20万+,,自营,https://item.jd.com/100040958144.html,(12万+),(600+),(600+),98%
松下(Panasonic)全自动波轮洗衣机8公斤 人工智能 省电轻音 桶自洁 桶风干 节能省水 XQB80-K10N,1099,20万+,,"自营,新品,满500-100",https://item.jd.com/100051129581.html,(12万+),(600+),(600+),98%
松下(Panasonic)全自动波轮洗衣机8公斤 人工智能 省电轻音 桶自洁 桶风干 节能省水 XQB80-K10N,1099,20万+,,自营,https://item.jd.com/100051129581.html,(12万+),(600+),(600+),98%
松下（Panasonic）全自动波轮洗衣机8公斤大容量直驱变频不弯腰一级能效泡沫净洗 XQB80-U8620,2799,2000+,,自营,https://item.jd.com/100010332921.html,(1600+),-9,-9,98%
松下（Panasonic）全自动滚筒洗衣机10公斤 BLDC变频电机 A+倍效洗净力 温水泡沫净 星悦旗舰强推款 XQG100-61JED,3699,2万+,,"自营,券499-10,满1000-200,赠",https://item.jd.com/100036442415.html,(1.5万+),(100+),(100+),98%
松下（Panasonic）全自动滚筒洗衣机10公斤 BLDC变频电机 泡沫净 超快洗 16项洗护程序 星悦旗舰升级款 XQG100-3N1S,3199,2万+,,"自营,券499-10,满1000-200,赠",https://item.jd.com/100036442419.html,(1.5万+),(100+),(100+),98%
松下（Panasonic）全自动滚筒洗衣机洗烘一体10公斤 45分钟快洗快烘 除菌净螨 升级空气洗泡沫净XQG100-6AJE3,4499,2万+,,"自营,券499-10,满1000-200,赠",https://item.jd.com/100036442411.html,(1.4万+),(90+),(90+),98%
松下（Panasonic）全自动滚筒洗衣机洗烘一体10公斤 除菌除螨 焕新空气洗温水泡沫净 BLDC变频电机6AJED,4699,2万+,,"自营,券499-10,满1000-200,赠",https://item.jd.com/100036442409.html,(1.4万+),(90+),(90+),98%
松下（Panasonic）升级10KG波轮洗衣机XQB100-U1L21,3298,200+,,自营,https://item.jd.com/100040099456.html,(100+),0,0,100%
松下（Panasonic）松下(Panasonic)洗衣机滚筒全自动10公斤大容量 变频节能 XQG100-E10C,4998,500+,,自营,https://item.jd.com/100035613821.html,(400+),0,0,100%
松下（Panasonic）洗衣机波轮8公斤全自动 不弯腰 节水立体 漂宽瀑布水流大容量 桶洗净XQB80-UEHBF以旧换新,1999,20万+,,"自营,券499-10,满500-100",https://item.jd.com/100009411677.html,(12万+),(600+),(600+),98%
松下(Panasonic)洗衣机滚筒全自动10公斤大容量 光动银常温除菌 BLDC变频电机 节能导航 XQG100-N11C【光动银除菌】,4199,200+,,"自营,满3000-200",https://item.jd.com/10061804978860.html,(100+),0,0,99%
松下（Panasonic）洗衣机全自动10公斤不弯腰大容量家用波轮节能一键智洗二级能效银色 XQB100-UALTS,2599,2000+,,"自营,厂商配送",https://item.jd.com/100022018988.html,(1600+),-9,-9,98%
松下（Panasonic）洗衣机全自动波轮 8公斤家用宿舍租房老人 节能省电省水 人工智能 防缠绕桶洗净 占地小 XQB80-KYA0N,1099,2万+,,"自营,满1000-100",https://item.jd.com/69554523848.html,(8500+),(60+),(60+),98%
松下(Panasonic)洗衣机全自动波轮 8公斤家用租房老人 节能省电省水 人工智能 桶洗净 XQB80-T8JSA,1099,200+,,自营,https://item.jd.com/100039547430.html,(100+),-3,-3,96%
松下(Panasonic)洗衣机全自动波轮 家用8公斤大容量 节能省水 一键智慧洗 钢化玻璃机盖 XQB80-T8DKS 白色,1499,2万+,,"自营,满1000-100",https://item.jd.com/69038203793.html,(9300+),(30+),(30+),98%
松下(Panasonic)洗衣机全自动波轮 老人专用不弯腰设计 10公斤一键智能洗 防缠绕大容量 XQB100-UACBJ【10公斤】以旧换新,2699,2000+,,"自营,满2000-200",https://item.jd.com/10034189428051.html,(100+),0,0,98%
松下(Panasonic)洗衣机全自动波轮9公斤 变频直驱电机 老人专用不弯腰设计 防缠绕 大容量 XQB90-URKTD【变频直驱】以旧换新,3199,1000+,,"自营,满2000-200",https://item.jd.com/10033297652971.html,(700+),-6,-6,98%
松下（Panasonic）洗衣机洗烘一体机全自动滚筒10公斤30min空气洗智能全触控屏 除菌除螨 XQG100-3AJED以旧换新,4799,2万+,,"自营,券499-10,满1000-200,赠",https://item.jd.com/100021806014.html,(1.4万+),(90+),(90+),98%
松下（Panasonic）直驱变频波轮洗衣机全自动9公斤 大容量羽绒洗 泡沫净离心洗衣 桶洗净 XQB90-U9A3H 以旧换新,3999,5000+,,"自营,券499-10,赠",https://item.jd.com/100016460006.html,(2300+),(10+),(10+),97%
松下10公斤全自动波轮洗衣机家用大容量人工智能毛毯洗灰色经典款XQB100-KNA07 以旧换新,1799,2000+,,"免邮,满1700-200",https://item.jd.com/66766191787.html,(500+),-7,-7,98%
松下京选家电 全自动8公斤波轮洗衣机 家用出租房老人省电省水 人工智能 XQB80-T8JSA 以旧换新,1099,500+,,"自营,赠",https://item.jd.com/100045822877.html,(100+),-2,-2,97%
统帅 海尔出品 6公斤波轮洗衣机全自动家电以旧换新 操作简便 健康桶自洁轻柔洗迷你小型@B60M2S,749,50万+,,自营,https://item.jd.com/7476125.html,(25万+),(900+),(900+),99%
统帅【旗舰新品】海尔滚筒洗衣机全自动10公斤大容量家用超薄洗烘一体双喷淋蒸汽除螨巴氏除菌以旧换新 洗脱一体10公斤+ABT双喷淋+防过敏+巴氏除菌,1599,2万+,,"免邮,满1560-70",https://item.jd.com/10051868100069.html,(5500+),(40+),(40+),98%
统帅【现货速发】海尔洗衣机滚筒家用全自动10公斤洗脱一体机节能降噪巴氏除菌京品,1499,100+,,自营,https://item.jd.com/100045290923.html,(30+),-1,-1,92%
统帅10公斤家用大容量变频节能洗脱一体全自动滚筒洗衣机巴式除菌消毒洗星蕴银G10B22SE,1599,200+,,"自营,厂商配送,券999-100",https://item.jd.com/100026873333.html,(100+),-3,-3,96%
统帅海尔出品 4+9公斤双子滚筒洗衣机全自动以旧换新母婴双筒分区 变频电机 智能家电 TQG130-B99W3U1,5999,5万+,,"自营,券4001-2000,赠",https://item.jd.com/100013404566.html,(2.3万+),(100+),(100+),99%
统帅海尔出品 4+9公斤以旧换新双筒洗衣机滚筒全自动子母分区洗护BLDC变频 洗烘一体 TQG130-HB99S3U1,6999,5万+,,"自营,券4001-2000,赠",https://item.jd.com/100013611973.html,(2.3万+),(100+),(100+),99%
统帅海尔出品 滚筒洗衣机全自动 10公斤大容量 食用级巴氏除菌 除菌率>99% 以旧换新 @G10B22SE,1599,5万+,,"自营,满1000-100,赠",https://item.jd.com/100014070975.html,(2.3万+),(100+),(100+),99%
威力（WEILI）10公斤 波轮洗衣机全自动 智能称重 13分钟快洗 护衣内筒 防锈箱体（钛金灰） XQB100-10018A,799,20万+,,自营,https://item.jd.com/100005500660.html,(16万+),(1200+),(1200+),98%
威力（WEILI）5.2公斤 波轮洗衣机全自动 洗衣机小型 租房宿舍神器 以旧换新（雅白色）XQB52-5226B-1,599,20万+,,自营,https://item.jd.com/530553.html,(16万+),(1200+),(1200+),98%
威力（WEILI）6公斤 波轮洗衣机全自动 13分钟快洗 洗衣机小型 租房宿舍神器 以旧换新（雅白色）XQB60-6026B,649,20万+,,自营,https://item.jd.com/5110681.html,(16万+),(1200+),(1200+),98%
威力（WEILI）7公斤 波轮洗衣机全自动 13分钟快洗 洗衣机小型 租房宿舍神器 以旧换新（雅白色）XQB70-7099,679,20万+,,自营,https://item.jd.com/6610886.html,(16万+),(1200+),(1200+),98%
威力（WEILI）8公斤 波轮洗衣机全自动大容量 13分钟快洗10档水位 护衣内筒防锈箱体 以旧换新XQB80-1999,699,20万+,,自营,https://item.jd.com/100004232288.html,(16万+),(1200+),(1200+),98%
威力（WEILI）9公斤 波轮洗衣机全自动 13分钟一键速洗 量衣判水 防锈箱体护衣内筒（钛金灰）XQB90-1810A,819,20万+,,"自营,厂商配送",https://item.jd.com/100001832307.html,(16万+),(1200+),(1200+),98%
威力（WEILI）波轮洗衣机全自动 10公斤直驱变频 大容量智能模糊洗 一级能效洁桶风干（钛金灰）XQB100-1929D,1199,20万+,,"自营,券6000-600",https://item.jd.com/100024460895.html,(16万+),(1200+),(1200+),98%
威力（WEILI）滚筒洗衣机全自动 10KG变频 超薄机身蒸汽除菌 15分钟快洗高温筒自洁 以旧换新XQG100-1016DPX,1399,1万+,,自营,https://item.jd.com/100025076604.html,(4500+),(30+),(30+),96%
西门子(SIEMENS) 10公斤变频滚筒洗烘一体机 热风除菌 蒸汽护理 智控烘干（湖蕴蓝）XQG100-WN52A1X14W,5699,20万+,,"自营,赠",https://item.jd.com/100030401987.html,(7.2万+),(300+),(300+),98%
西门子(SIEMENS) 10公斤变频滚筒洗衣机 超氧空气洗 无水轻护 羽绒洗 除菌除螨XQG100-WB45UM200W,7299,20万+,,"自营,赠",https://item.jd.com/100035297740.html,(11万+),(400+),(400+),98%
西门子(SIEMENS) 10公斤滚筒洗衣机 BLDC变频电机 专业羽绒洗 混合洗 防过敏 XQG100-WM12P2602W,3799,10万+,,"自营,赠",https://item.jd.com/100004772330.html,(3.9万+),(100+),(100+),98%
西门子(SIEMENS) 10公斤滚筒洗衣机全自动 BLDC变频电机 智能除污渍 专业羽绒洗 XQG100-WG52A1X80W,4499,10万+,,"自营,赠",https://item.jd.com/100025072808.html,(3.9万+),(100+),(100+),98%
西门子(SIEMENS) 10公斤滚筒洗衣机洗烘一体机 99%除菌 蒸气除味除螨 智能烘干 XQG100-WN54A1X42W,5399,20万+,,"自营,券4000-500,赠",https://item.jd.com/100013312881.html,(7.2万+),(300+),(300+),98%
西门子(SIEMENS) 10公斤智能变频滚筒洗衣机 超氧空气洗 无水轻护 除菌除螨 XQG100-WG54C3B0HW,7699,20万+,,"自营,赠",https://item.jd.com/100013660713.html,(11万+),(400+),(400+),98%
西门子(SIEMENS) 9公斤变频滚筒洗衣机 99.9%除菌 专业羽绒洗 羊毛洗(湖蕴蓝）XQG90-WG42A2Z11W,2999,10万+,,"自营,赠",https://item.jd.com/100038564259.html,(5.2万+),(200+),(200+),98%
西门子(SIEMENS) 9公斤滚筒洗衣机全自动 BLDC变频电机 99.9%除菌 专业羽绒洗 XQG90-WG42A2Z01W,2999,10万+,,"自营,赠",https://item.jd.com/100019263570.html,(5.2万+),(200+),(200+),98%
西门子（SIEMENS）9KG大容量变频滚筒洗衣机全自动家用 除菌液洗 深色洗程序 高温筒清洁 银色 WG42A2Z81W,3499,1000+,,"京东物流,免邮",https://item.jd.com/10049322935628.html,(300+),-2,-2,98%
西门子（SIEMENS）9KG大容量滚筒变频洗衣机全自动大容量 高温筒清洁 白色 WG42A2Z01W,3099,200+,,"自营,赠",https://item.jd.com/100036977001.html,(60+),0,0,100%
西门子（SIEMENS）9KG大容量滚筒变频洗衣机全自动大容量 高温筒清洁 白色 WG42A2Z01W,3499,5000+,,"京东物流,免邮",https://item.jd.com/72102250028.html,(1900+),-4,-4,98%
西门子(SIEMENS)洗烘套装 10kg除菌滚筒洗衣机+9kg进口热泵烘干机家用 WM12P2602W+WT47W5601W,9999,10万+,,自营,https://item.jd.com/100008738507.html,(3.9万+),(100+),(100+),98%
洗衣机全自动10公斤波轮洗烘一体大容量租房宿舍智能家电节能省电长虹洗衣机 10公斤KG智能风干【蓝光除菌】,488,86,,赠,https://item.jd.com/10066278647962.html,-5,-2,-2,62%
洗衣机全自动10公斤家用波轮大容量8kg 10公斤KG【蓝光洗护+智能风干+强动力电机】,588,0,,赠,https://item.jd.com/10068218128533.html,0,0,0,100%
洗衣机全自动10公斤家用波轮大容量8kg 7公斤KG【蓝光洗护+智能风干+强动力电机】,479,0,,赠,https://item.jd.com/10068218128530.html,0,0,0,100%
洗衣机全自动10公斤洗烘一体波轮8kg家用宿舍大容量小型长虹 10公斤KG【洗护一体+健康洗护+强动力电机】,488,200+,,赠,https://item.jd.com/10064500967479.html,(100+),0,0,98%
洗衣机全自动10公斤洗烘一体波轮8kg家用宿舍大容量小型长虹 8.2公斤KG【蓝光洗护+智能风干+强动力电机】,448,200+,,赠,https://item.jd.com/10061023637848.html,(100+),0,0,98%
洗衣机全自动10公斤洗烘一体波轮8kg家用宿舍大容量小型长虹 9.5公斤KG【蓝光洗护+智能风干+强动力电机】,478,200+,,赠,https://item.jd.com/10064500967478.html,(100+),0,0,98%
洗衣机全自动波轮8kg10公斤大容量租房宿舍家用 智能波轮洗脱一体机 智能风干功能 8公斤KG智能风干,509,200+,,"满300-10,赠",https://item.jd.com/10064716789521.html,(60+),-1,-1,91%
洗衣机全自动家用10公斤大容量智能蓝光波轮洗烘一体风干出租房热烘干YANGZI 6公斤公斤蓝光纳米健康洗/智能强力风干,370,100+,,新品,https://item.jd.com/10066328843279.html,(70+),-2,-2,90%
夏新（Amoi）全自动洗衣机 蓝光健康洗护 大容量波轮洗涤 宿舍家用智能洗脱一体机带风干功能 7.5公斤主销款【蓝光洗护+智能风干】,468,5000+,,"京东物流,券300-15",https://item.jd.com/10034153441394.html,(2300+),(40+),(40+),95%
夏新（Amoi）洗衣机全自动波轮 蓝光健康洗护智能风干 桶自洁 宿舍家用洗脱一体机 3.8公斤单人使用【蓝光洗护+智能风干+强力电机】,399,10万+,,"京东物流,券300-25",https://item.jd.com/10033167827932.html,(3.9万+),(400+),(400+),96%
夏新（Amoi）洗衣机全自动波轮 蓝光健康洗护智能风干 桶自洁 宿舍家用洗脱一体机 6.5公斤【蓝光洗护+智能风干+强力电机】,458,10万+,,"京东物流,券200-15",https://item.jd.com/10033167827935.html,(3.9万+),(400+),(400+),96%
夏新（Amoi）洗衣机全自动波轮 蓝光健康洗护智能风干 桶自洁 宿舍家用洗脱一体机 7.5公斤【蓝光洗护+智能风干+强力电机】,468,10万+,,"京东物流,券200-15",https://item.jd.com/10033167827933.html,(3.9万+),(400+),(400+),96%
夏新（Amoi）洗衣机全自动波轮 蓝光洁净智能风干 健康洗护桶自洁 家用租房宿舍洗脱一体机 3.8KG,399,5000+,,,https://item.jd.com/100041095295.html,(1800+),(40+),(40+),95%
夏新（Amoi）洗衣机全自动波轮 蓝光洁净智能风干 健康洗护桶自洁 家用租房宿舍洗脱一体机 3.8公斤单人【蓝光洗护+智能风干+强力电机】,389,1000+,,京东物流,https://item.jd.com/10058665799578.html,(200+),-6,-6,96%
夏新（Amoi）洗衣机全自动小型波轮 健康蓝光洗智能风干 家用宿舍洗脱一体机 桶自洁节能轻音 3.8公斤单人使用【蓝光洗护+智能风干+强力电机】,399,5000+,,"京东物流,券2000-50",https://item.jd.com/10059516152105.html,(1400+),(10+),(10+),96%
夏新（Amoi）洗衣机全自动小型波轮 健康蓝光洗智能风干 家用宿舍洗脱一体机 桶自洁节能轻音 8.2公斤香槟金【蓝光洗护+智能风干+强力电机】,498,5000+,,"京东物流,券99-5",https://item.jd.com/10059516152108.html,(1400+),(10+),(10+),96%
小米米家滚筒洗衣机全自动 12公斤洗烘一体 微蒸空气洗除菌除螨 直驱电机节能 XHQG120MJ202【厂直】,2179,88,,自营,https://item.jd.com/100051666639.html,(100+),0,0,98%
小天鹅(LittleSwan) 洗衣机全自动10公斤滚筒 洗烘一体家用变频 银离子除菌 智能家电 TD100VC62WADY,2299,1万+,,"自营,券2290-50",https://item.jd.com/100035279998.html,(6600+),-9,-9,99%
小天鹅（LittleSwan）【官方仓直发】小天鹅（LittleSwan）洗衣机全自动 家用租房宿舍京品 健康免清洗 【10公斤｜直驱除螨低缠绕｜V23】,1599,200+,,满1580-200,https://item.jd.com/10023536154966.html,(200+),-2,-2,98%
小天鹅（LittleSwan）10kg变频滚筒洗衣机+热泵烘干机家用 水魔方 除菌除螨 护色护形 京东小家 TG100VT86WMAD5洗烘套装,7099,20万+,,"自营,券500-20,满5000-400",https://item.jd.com/100026319734.html,(20万+),(400+),(400+),99%
小天鹅（LittleSwan）10公斤波轮洗衣机全自动 家用节能宿舍租房 除螨内桶健康免清洗 品质电机TB100V23H-1,1149,2000+,,"自营,厂商配送",https://item.jd.com/100018618599.html,(800+),-5,-5,97%
小天鹅（LittleSwan）10公斤除螨滚筒洗衣机全自动 羽绒服洗母婴内衣以旧换新智能 【金榜认证】TG100VT096WDG-Y1T,2099,1万+,,"京东物流,秒杀,免邮,券1000-30,",https://item.jd.com/10025899138146.html,(8400+),(20+),(20+),99%
小天鹅（LittleSwan）10公斤大容量滚筒洗衣机全自动 智能家电健康除菌变频8公斤超薄机身 10公斤-手机WIFI控制-健康除菌洗 【BLDC变频节能】,1699,500+,,,https://item.jd.com/10035400442785.html,(70+),-1,-1,98%
小天鹅（LittleSwan）10公斤大容量家用波轮洗衣机全自动 水魔方防缠绕 直驱变频 智能家电TB100VT818WDCLY,1999,2000+,,自营,https://item.jd.com/100047883859.html,(700+),-3,-3,98%
小天鹅（LittleSwan）10公斤滚筒洗衣机全自动 一级能效变频家用大容量 桶自洁 羽绒洗 WIFI智控TG100S21WDG,1699,5000+,,自营,https://item.jd.com/100026064224.html,(1500+),-6,-6,98%
小天鹅（LittleSwan）10公斤滚筒洗衣机全自动 一级能效变频家用大容量 桶自洁 羽绒洗 WIFI智控TG100S21WDG,1699,5000+,,"自营,厂商配送",https://item.jd.com/100026064224.html,(1500+),-6,-6,98%
小天鹅（LittleSwan）10公斤洗衣机全自动波轮家用节能宿舍租房 除螨内桶健康免清洗品质电机TB100V23H-1,1149,2000+,,"自营,厂商配送",https://item.jd.com/100043092403.html,(500+),-3,-3,98%
小天鹅（LittleSwan）5.5公斤 波轮洗衣机全自动 迷你洗衣机 租房宿舍神器 以旧换新 品质电机 TB55V20,798,20万+,,自营,https://item.jd.com/3973386.html,(31万+),(1000+),(1000+),99%
小天鹅（LittleSwan）8KG全自动波轮洗衣机宿舍家用大容量 洗脱一体 健康免清洗 品质电机 TB80VC123B,849,5000+,,"自营,券840-10",https://item.jd.com/100035952338.html,(1700+),(10+),(10+),98%
小天鹅（LittleSwan）8KG全自动波轮洗衣机宿舍家用大容量 洗脱一体 健康免清洗 品质电机 TB80VC123B,849,5000+,,"自营,厂商配送",https://item.jd.com/100035952338.html,(1700+),(10+),(10+),98%
小天鹅（LittleSwan）8公斤KG全自动大容量波轮洗衣机健康免清洗 租房宿舍家用洗脱一体快洗TB80VC123B,849,1000+,,"自营,厂商配送",https://item.jd.com/100031344528.html,(200+),-3,-3,98%
小天鹅（LittleSwan）8公斤全自动波轮洗衣机大容量宿舍家用洗脱一体水电双宽健康免清洗TB80VC123B,849,2000+,,"自营,券500-10",https://item.jd.com/100036529176.html,(700+),-3,-3,98%
小天鹅（LittleSwan）8公斤全自动波轮洗衣机大容量宿舍家用洗脱一体水电双宽健康免清洗TB80VC123B,849,2000+,,"自营,厂商配送",https://item.jd.com/100036529176.html,(700+),-3,-3,98%
小天鹅（LittleSwan）波轮洗衣机全自动 10公斤大容量 鲸浪柔洗 健康免清洗 内桶升级 以旧换新 TB100VC123B,1599,200万+,,"自营,券500-20,满1500-400,赠",https://item.jd.com/100015792735.html,(92万+),(3900+),(3900+),99%
小天鹅（LittleSwan）波轮洗衣机全自动 10公斤大容量 升级钢化玻璃门盖 免清洗不脏桶 以旧换新TB100V288E,1299,200万+,,"自营,新品,券500-30,赠",https://item.jd.com/100040100278.html,(92万+),(3900+),(3900+),99%
小天鹅（LittleSwan）波轮洗衣机全自动 10公斤大容量 升级鲸浪柔洗 免清洗不脏桶 除螨 以旧换新TB100V23H,1549,200万+,,"自营,券599-20,满1400-400,赠",https://item.jd.com/100012411658.html,(92万+),(3900+),(3900+),99%
小天鹅（LittleSwan）波轮洗衣机全自动 10公斤大容量除菌直驱变频电机 智能京品家电以旧换新 10公斤直驱变频 TB100V23DB,1999,2000+,,满1599-650,https://item.jd.com/10024792584184.html,(900+),-8,-8,98%
小天鹅（LittleSwan）波轮洗衣机全自动 10公斤纳米银离子除菌WIFI控制 家用智能家电 新升级10kg波轮 TB100VC161B 银离子除菌,1599,1000+,,满1500-200,https://item.jd.com/10049289546881.html,(700+),-2,-2,99%
小天鹅（LittleSwan）波轮洗衣机全自动 10公斤纳米银离子除菌WIFI控制 家用智能家电 阻尼钢化玻璃门盖TB100VC161B,1599,70,,"京东物流,满1599-200",https://item.jd.com/10066087416910.html,(100+),0,0,98%
小天鹅（LittleSwan）波轮洗衣机全自动 8公斤大容量 健康免清洗 升级专业除螨 租房神器 以旧换新 TB80V23H,849,200万+,,"自营,券500-10",https://item.jd.com/100006583751.html,(92万+),(3900+),(3900+),99%
小天鹅（LittleSwan）波轮洗衣机全自动 水魔方系列 变频防缠绕 健康除菌螨 直驱 10公斤 以旧换新 TB100TEC,2199,200万+,,"自营,券500-20,每满1000-100,赠",https://item.jd.com/100043778657.html,(92万+),(3900+),(3900+),99%
小天鹅（LittleSwan）波轮洗衣机全自动 直驱变频 10公斤大容量 免清洗不脏桶 升级除螨 以旧换新 TB100V23DB,1549,200万+,,"自营,券500-20,满1500-200,赠",https://item.jd.com/100007166961.html,(92万+),(3900+),(3900+),99%
小天鹅(LittleSwan)波轮洗衣机全自动10公斤大容量除螨纳米除菌以旧换新健康免清洗京品 10KG水魔方防缠绕 TB100VT85WACLY,1899,5000+,,"自营,满1889-100",https://item.jd.com/10052397381322.html,(4400+),-8,-8,99%
小天鹅（LittleSwan）滚筒洗衣机全自动 10公斤大容量 洗涤剂自动投放 深层除菌净螨 BLDC变频TG100V196WIDY,2199,50万+,,"自营,券599-20,每满1000-100,赠",https://item.jd.com/100027794511.html,(33万+),(900+),(900+),99%
小天鹅（LittleSwan）滚筒洗衣机全自动 10公斤大容量 洗涤剂自动投放 深层除菌净螨 BLDC变频TG100V196WIDY,2199,50万+,,自营,https://item.jd.com/100027794511.html,(33万+),(900+),(900+),99%
小天鹅（LittleSwan）滚筒洗衣机全自动 10公斤家用变频超薄大容量京品家电除螨除菌婴儿服洗 TG100V23WIDY智能投放,2299,200+,,"自营,新品,每满2200-300",https://item.jd.com/10065522654684.html,(200+),0,0,100%
小天鹅（LittleSwan）滚筒洗衣机全自动 10公斤家用变频大容量智能家电彩屏除螨除菌羽绒服洗 TG100V615T,2899,1000+,,"自营,新品,每满2800-400",https://item.jd.com/10065968236766.html,(600+),0,0,99%
小天鹅（LittleSwan）滚筒洗衣机全自动 超薄全嵌【TD100S85】洗烘一体 超微净泡 国风外观 10公斤 以旧换新,6299,10万+,,"自营,券500-20,每满1000-100,赠",https://item.jd.com/100021468345.html,(8.3万+),(100+),(100+),99%
小天鹅（LittleSwan）滚筒洗衣机全自动 超薄全嵌【TD100VIC】洗烘一体 440mm机身 水氧净透 护衣柔烘 10公斤,6899,10万+,,"自营,每满1000-100,赠",https://item.jd.com/100039391969.html,(8.3万+),(100+),(100+),99%
小天鹅（LittleSwan）滚筒洗衣机全自动 超微净泡水魔方 物理去渍 智能投放 超薄10公斤 TG100V88WMUIADY5,3999,10万+,,"自营,券500-20,每满1000-100,赠",https://item.jd.com/100004218553.html,(8.3万+),(100+),(100+),99%
小天鹅（LittleSwan）滚筒洗衣机全自动 超微净泡水魔方 洗烘一体 物理去渍 超薄10公斤 TD100RFTEC-T50C,4599,10万+,,"自营,券500-20,每满1000-100,赠",https://item.jd.com/100015836890.html,(8.3万+),(100+),(100+),99%
小天鹅（LittleSwan）滚筒洗衣机全自动 超微净泡水魔方 洗烘一体 物理去渍 超薄10公斤 TD100RFTEC-T50C,4599,10万+,,"自营,券500-20,每满1000-100,赠",https://item.jd.com/100015836890.html,(100+),0,0,98%
小天鹅（LittleSwan）滚筒洗衣机全自动 家用10公斤变频 全时巡航深层除菌除螨 智能投放 WiFi智控TG100VC6,2049,1万+,,"自营,券2040-50",https://item.jd.com/100035130180.html,(6600+),-9,-9,99%
小天鹅（LittleSwan）滚筒洗衣机全自动 水魔方【TD100VC8】洗烘一体 冷水洗 1.1洗净比 超薄10公斤以旧换新,4399,20万+,,"自营,券500-20,每满1000-100,赠",https://item.jd.com/100036573783.html,(20万+),(400+),(400+),99%
小天鹅（LittleSwan）滚筒洗衣机全自动 水魔方系列 护色护形 彩屏智能投放 超薄10公斤 以旧换新TG100V87MIY,3499,20万+,,"自营,券500-20,每满1000-100,赠",https://item.jd.com/100012380329.html,(20万+),(400+),(400+),99%
小天鹅（LittleSwan）滚筒洗衣机全自动 水魔方系列 洗烘一体 护色护形 智能投放 超薄 10公斤 TD100VJ87MIT,3999,20万+,,"自营,券500-20,每满1000-100,赠",https://item.jd.com/100012380331.html,(20万+),(400+),(400+),99%
小天鹅（LittleSwan）滚筒洗衣机全自动 水魔方系列【TG100VC8】 升级冷水洗 1.1洗净比 超薄10公斤以旧换新,3799,20万+,,"自营,券500-20,每满1000-100,赠",https://item.jd.com/100036573787.html,(20万+),(400+),(400+),99%
小天鹅（LittleSwan）滚筒洗衣机全自动 水魔方小钢炮 UDC净渍 1.1洗净比 彩屏自投 超薄 10公斤 TG100UTEC,4299,20万+,,"自营,券500-20,每满1000-100,赠",https://item.jd.com/100036573785.html,(20万+),(400+),(400+),99%
小天鹅（LittleSwan）滚筒洗衣机全自动 洗烘一体 10公斤 洗涤剂自动投放 除菌净螨 BLDC变频TD100V196WIDY,3099,50万+,,"自营,券599-20,每满1000-100,赠",https://item.jd.com/100027794489.html,(100+),0,0,98%
小天鹅（LittleSwan）滚筒洗衣机全自动 洗烘一体 深层除菌螨 蒸汽速烘 10公斤 京东小家以旧换新 TD100PURE,2669,50万+,,"自营,秒杀,券599-20,满2000-400,",https://item.jd.com/100008184380.html,(33万+),(900+),(900+),99%
小天鹅（LittleSwan）滚筒洗衣机全自动 洗烘一体 深层除菌螨 蒸汽速烘 10公斤 京东小家以旧换新 TD100PURE,2669,50万+,,自营,https://item.jd.com/100008184380.html,(33万+),(900+),(900+),99%
小天鹅（LittleSwan）滚筒洗衣机全自动除菌除螨洗 10公斤洗烘一体机带烘干变频家电家用大容量 智能家电触摸屏TD100V23WDY,2699,1万+,,"自营,券2000-100,每满2600-300",https://item.jd.com/10041279650880.html,(8800+),(10+),(10+),99%
小天鹅（LittleSwan）滚筒洗衣机全自动除螨除菌婴儿服羽绒服洗 10公斤大容量变频京品可洗内衣 智能家电触摸屏TG100V23WDY,2099,2万+,,"自营,券500-30,每满2000-300",https://item.jd.com/10033751243653.html,(1.8万+),(60+),(60+),99%
小天鹅（LittleSwan）滚筒洗衣机全自动除螨除菌婴儿服羽绒服洗 10公斤大容量变频京品可洗内衣 智能家电触摸屏TG100V23WDY,2099,2万+,,"自营,券500-30,每满2000-300",https://item.jd.com/10033751243653.html,(),,,99%
小天鹅（LittleSwan）滚筒洗衣机洗烘一体全自动 水魔方防缠绕 冷水洗护色护形一级能效变频节能低噪V868,3499,1万+,,"自营,厂商配送",https://item.jd.com/100040020202.html,(3500+),(10+),(10+),98%
小天鹅（LittleSwan）滚筒洗衣机洗烘一体全自动 水魔方防缠绕 冷水洗护色护形一级能效变频节能低噪V868,3499,1万+,,"自营,赠",https://item.jd.com/100040020202.html,(3500+),(10+),(10+),98%
小天鹅（LittleSwan）迷你洗衣机全自动3KG波轮 儿童洗衣机 婴儿洗衣机内衣小型 京东小家 TB30V80MINI,899,20万+,,"自营,券500-20",https://item.jd.com/100006294169.html,(12万+),(300+),(300+),99%
小天鹅（LittleSwan）全自动洗衣机8公斤波轮大容量宿舍租房家用节能省电单脱水甩干 TB80VC123B,849,2000+,,"自营,厂商配送",https://item.jd.com/100048820825.html,(500+),-3,-3,98%
小天鹅（LittleSwan）水魔方滚筒洗衣机10公斤全自动变频 防缠绕 冷水洗护色护形TG100V868WMADY,2899,1万+,,"自营,赠",https://item.jd.com/100026202247.html,(3500+),(10+),(10+),98%
小天鹅（LittleSwan）水魔方滚筒洗衣机10公斤全自动变频 防缠绕 冷水洗护色护形TG100V868WMADY,2899,1万+,,"自营,厂商配送",https://item.jd.com/100026202247.html,(3500+),(10+),(10+),98%
小天鹅（LittleSwan）洗衣机滚筒全自动 10公斤洗烘一体机带烘干除螨大容量智能家电以旧换新 TD100VT096WDG-Y1T,2699,5万+,,"京东物流,免邮,券2000-100,",https://item.jd.com/10033578677101.html,(2.2万+),(60+),(60+),99%
小天鹅（LittleSwan）洗衣机全自动10公斤滚筒洗烘一体水魔方洗衣机 除菌一级能效 以旧换新TD100V868WMADT,3599,1万+,,"自营,券999-50",https://item.jd.com/100040020142.html,(7000+),(10+),(10+),99%
小天鹅（LittleSwan）洗衣机全自动波轮 10公斤大容量京品节能省水省电宿舍租房家用快洗除螨以旧换新 TB100V23H-1,1549,1万+,,"京东物流,秒杀,免邮,券1000-30,",https://item.jd.com/10026143031510.html,(3900+),(10+),(10+),98%
小天鹅（LittleSwan）洗衣机全自动波轮 10公斤京品家电直驱变频大容量节能省水家用脱水甩干 TB100V23DB,1499,5000+,,"自营,每满1400-150",https://item.jd.com/10044872961856.html,(2700+),(10+),(10+),98%
小天鹅（LittleSwan）洗衣机全自动波轮 10公斤水魔方防缠绕银离子除菌除螨变频智能 羽绒服洗 水魔方系列TB100VT98WADCLG-T01,2699,2000+,,"京东物流,免邮,券2000-50,",https://item.jd.com/10041452931833.html,(2400+),(10+),(10+),98%
小天鹅（LittleSwan）洗衣机全自动波轮 10公斤水魔方防缠绕银离子除菌除螨变频智能 羽绒服洗 水魔方系列TB100VT98WADCLG-T01,2699,2000+,,"京东物流,免邮,券2000-50,",https://item.jd.com/10041452931833.html,(100+),0,0,98%
小天鹅（LittleSwan）洗衣机全自动波轮 8公斤大容量京品家电宿舍租房家用节能省电翻盖脱水甩干 TB80VC123B,899,2000+,,"自营,券500-10,每满890-50",https://item.jd.com/10041584916520.html,(1000+),-4,-4,98%
小天鹅（LittleSwan）洗衣机全自动波轮 8公斤家用京品家电大容量变频脱水甩干宿舍租房翻盖 TB80V23DB,1099,1万+,,"自营,券500-20,每满1000-50",https://item.jd.com/10020854121686.html,(6300+),(50+),(50+),98%
小天鹅（LittleSwan）洗衣机全自动波轮京品家电 8公斤大容量一键脱水甩干节能省电家用租房宿舍 TB80VC123B,949,2万+,,"免邮,券500-10,满800-100",https://item.jd.com/10041392880918.html,(5900+),(50+),(50+),97%
小天鹅（LittleSwan）洗衣机全自动波轮京品家电 8公斤大容量一键脱水甩干节能省电家用租房宿舍 TB80VC123B,949,2万+,,,https://item.jd.com/10041392880918.html,(5900+),(50+),(50+),97%
小天鹅（LittleSwan）洗衣机全自动滚筒 10公斤家用大容量 纳米银离子除菌 WIFI智控 TG100VC62WADY,1849,5000+,,"自营,券499-50",https://item.jd.com/100029710860.html,(3000+),(10+),(10+),99%
小天鹅（LittleSwan）洗衣机全自动滚筒 10公斤洗烘一体机带烘干大容量家用变频智能京品家电 TD100VT096WDG-Y1T,2699,5000+,,"自营,秒杀,券2000-100,",https://item.jd.com/10033747337084.html,(2800+),-8,-8,99%
小天鹅10公斤全自动洗衣机大容量家用出租房宿舍洗脱一体智能风干 5.5KG蓝光母婴款+强力风干白色款 全国十年联保,483,100+,,,https://item.jd.com/10067749629892.html,(20+),-1,-1,85%
小天鹅促销洗衣机全自动家用租房7\/8\/10公斤大容量波轮洗衣机洗脱一体小天鹅 8.8KG【双人款】智能风干_蓝光_荐1-2人,519,0,,"满299-10,赠",https://item.jd.com/10068132400535.html,0,0,0,100%
小天鹅促销洗衣机全自动家用租房7\/8\/10公斤大容量波轮洗衣机洗脱一体小天鹅 8.8KG【双人款】智能风干_蓝光_荐1-2人,519,0,,"免邮,券199-10,满299-10,赠",https://item.jd.com/10068132400535.html,0,0,0,100%
小天鹅滚筒洗衣机10公斤全自动大容量滚筒变频洗衣机 健康除螨 消毒洗 高温桶自洁 TG100-1412DG-S1B,1799,1万+,,"自营,券999-50",https://item.jd.com/100014843433.html,(7000+),(10+),(10+),99%
小天鹅全自动洗衣机家用8公斤波轮大容量烘干出租房用洗衣机 7.5KG蓝光+风干加厚 全国10年联保,618,15,,赠,https://item.jd.com/10067917624488.html,-1,0,0,100%
小天鹅洗衣机10公斤全自动滚筒,1849,5000+,,"自营,厂商配送",https://item.jd.com/100029710860.html,(3000+),(10+),(10+),99%
小天鹅洗衣机全自动 10公斤变频滚筒 全自动洗衣机 大容量家用 纳米银离子除菌高温桶自洁,1849,500+,,"自营,厂商配送",https://item.jd.com/100018390575.html,(300+),-2,-2,99%
小天鹅洗衣机全自动10公斤波轮家用出租房蓝光大容量 10kg高温热烘干+强力电机+智能洗护,849,500+,,,https://item.jd.com/10062939909670.html,(80+),-6,-6,71%
小天鹅洗衣机全自动波轮10公斤大容量小型宿舍出租房家用衣水混合 5.6KG蓝光母婴款+强力风干白色款 全国十年联保,468,11,,赠,https://item.jd.com/10067998426594.html,-6,0,0,60%
小天鹅洗衣机全自动洗烘一体10公斤变频滚筒洗衣机银离子除菌祛味空气洗烘干一级能效自营,2299,2000+,,"自营,券2398-150",https://item.jd.com/100033444617.html,(800+),-4,-4,99%
小鸭半自动洗衣机 8.5KG 双桶双缸,398,2万+,,,https://item.jd.com/10026412266666.html,(5500+),(30+),(30+),97%
小鸭洗衣机半自动小型迷你波轮 大容量宿舍租房家用 双桶双缸分区 脱水甩干老式强力去污以旧换新 【匠心推荐】8.5公斤 品质电机 透明黑,398,2万+,,"每满398-10,赠",https://item.jd.com/10026412266666.html,(5500+),(30+),(30+),97%
新飞（Frestec）5.5公斤全自动波轮洗衣机 自编程仿手搓洗 模糊控制 8程序 8水位 XQB55-1800D,569,2万+,,"自营,厂商配送",https://item.jd.com/100021995675.html,(6200+),(60+),(60+),97%
新飞（Frestec）6.5KG全自动波轮洗衣机 8程序8水位 一键快洗 一键桶风干 XQB65-1800D,599,2万+,,"自营,厂商配送",https://item.jd.com/100038122778.html,(6200+),(60+),(60+),97%
新飞（Frestec）8公斤滚筒洗衣机全自动 大容量 欧标 健康除螨洗省电节能 XQG80-1001TYD,1099,2000+,,自营,https://item.jd.com/100038122772.html,(600+),-6,-6,97%
新款50公斤洗衣机全自动洗大物大型容量工业家商用宾馆酒店医院学校40\30\15kg风干幸福久久系列 50公斤加强耐用加厚风干顶配款,2200,5000+,,赠,https://item.jd.com/10024599608321.html,(300+),-3,-3,97%
扬子洁佳洗衣机全自动10公斤波轮洗烘一体大容量租房宿舍智能家电节能省电 10kg智能风干+六年联保+送货入户【扬子洁佳】,529,1000+,,,https://item.jd.com/10064736522365.html,(200+),-10,-10,87%
扬子洁佳洗衣机全自动10公斤家用波轮大容量8kg 10公斤KG【蓝光洗护+智能风干+强动力电机】,548,1万+,,赠,https://item.jd.com/10058903286529.html,(1500+),(40+),(40+),89%
扬子洁佳洗衣机全自动波轮大容量家用宿舍租房洗脱一体 10公斤蓝光健康洗/智能强力风干【扬子.洁佳】,528,5000+,,"新品,免邮",https://item.jd.com/10065132588719.html,(500+),(20+),(20+),82%
扬子全自动洗衣机家用小型宿舍租房 一键洗脱智能遥控 蓝光洗护大容量波轮洗脱一体机 8KG智能风干+蓝光洗涤防缠绕,558,2万+,,免邮,https://item.jd.com/10025355348721.html,(6200+),(200+),(200+),90%
一能净特价双桶洗衣机15KG家用大容量半自动老式双缸波轮洗脱一体不锈钢内桶8.5公斤甩干机 15公斤洗涤钢桶 纯铜电机-孔雀金,578,2000+,,,https://item.jd.com/10048267771904.html,(600+),(20+),(20+),89%
樱花（SAKURA）全自动洗衣机波轮洗脱一体机小型家用宿舍租房 3.5KG智能风干小型款,398,2万+,,满99-10,https://item.jd.com/10035388957172.html,(4100+),(60+),(60+),94%
樱花（SAKURA）全自动洗衣机波轮洗脱一体机小型家用宿舍租房 3.5KG智能风干小型款,398,2万+,,"免邮,券300-30,满99-10",https://item.jd.com/10035388957172.html,(4100+),(60+),(60+),94%
樱花（SAKURA）全自动洗衣机小型家用宿舍租房大容量智能波轮洗脱一体 5.5KG强力风干宝宝款,428,2万+,,满99-10,https://item.jd.com/10021584652373.html,(1万+),(200+),(200+),93%
樱花（SAKURA）全自动洗衣机小型家用宿舍租房大容量智能波轮洗脱一体 5.5KG智能风干宝宝款,418,2万+,,满99-10,https://item.jd.com/10021584652372.html,(1万+),(200+),(200+),93%
樱花（SAKURA）全自动洗衣机小型家用宿舍租房大容量智能波轮洗脱一体 7.5KG智能风干蓝光款,498,2万+,,满99-10,https://item.jd.com/10021584652376.html,(1万+),(200+),(200+),93%
樱花（SAKURA）全自动洗衣机小型家用宿舍租房大容量智能风干波轮洗脱一体 3.5KG标准款,398,1000+,,,https://item.jd.com/10060061594089.html,(800+),-5,-5,97%
樱花（SAKURA）全自动洗衣机小型家用宿舍租房大容量智能风干波轮洗脱一体 5.5KG标准款,428,1000+,,满99-10,https://item.jd.com/10060061594090.html,(800+),-5,-5,97%
樱花（SAKURA）全自动洗衣机小型家用宿舍租房大容量智能风干波轮洗脱一体 5.5KG标准款,428,1000+,,"免邮,券100-20,满99-10",https://item.jd.com/10060061594090.html,(800+),-5,-5,97%
云米（VIOMI）滚筒洗衣机全自动 超薄470mm 10公斤大容量 洗烘一体机 空气洗除菌 Master以旧换新 WD10FE-B6A,2299,2万+,,"自营,券300-30,赠",https://item.jd.com/100015573050.html,(8800+),(40+),(40+),97%
云米除菌家用滚筒洗衣机全自动 Neo1S 10公斤烘干机洗烘一体机 大容量 京东小家 以旧换新WD10SA-G7A,1799,2万+,,"自营,券300-30",https://item.jd.com/100015033621.html,(9000+),(60+),(60+),97%
长虹全自动洗衣机大容量租房宿舍洗烘一体小型波轮智能热烘干 7公斤KG【蓝光洗护+智能风干+强动力电机】,499,0,,赠,https://item.jd.com/10068119888297.html,0,0,0,100%
长虹洗衣机全自动中小型迷你儿童母婴家用宿舍智能波轮洗衣机带甩干机脱水风干节能蓝光全自动 8公斤智能风干强力电机 推荐1-3人使用,578,2万+,,"京东物流,免邮",https://item.jd.com/32919143782.html,(2.1万+),(100+),(100+),98%
长虹洗衣机全自动中小型迷你儿童母婴家用宿舍智能波轮洗衣机带甩干机脱水风干节能蓝光全自动 8公斤智能风干强力电机 推荐1-3人使用,578,2万+,,"京东物流,免邮,券99-10",https://item.jd.com/32919143782.html,(2.1万+),(100+),(100+),98%
长虹洗衣机全自动中小型迷你儿童母婴家用宿舍智能波轮洗衣机带甩干机脱水风干节能蓝光全自动波轮 15公斤青咖色智能风干强劲电机 推荐4~8人使用,1398,100+,,,https://item.jd.com/10067087913096.html,(100+),0,0,100%
志高（CHIGO）3.8公斤家用全自动洗衣机母婴智能波轮洗脱一体机带风干功能XQB38-2010咖啡金,428,1万+,,"秒杀,满400-10",https://item.jd.com/100036339459.html,(6300+),(70+),(70+),96%
志高（CHIGO）5.5公斤家用全自动洗衣机租房公寓智能波轮洗脱一体机带风干功能XQB55-2010宝石灰,508,1万+,,"秒杀,满400-40",https://item.jd.com/100036339451.html,(6300+),(70+),(70+),96%
志高（CHIGO）7.5公斤家用全自动洗衣机大容量租房公寓智能波轮洗脱一体机带风干功能XQB75-8188咖啡金,568,1万+,,"自营,秒杀,满400-30",https://item.jd.com/100036742781.html,(6300+),(70+),(70+),96%
志高（CHIGO）8.2KG大容量波轮全自动洗衣机家用租房宿舍洗衣机洗脱一体定制程序 XQB82-2010宝石灰,588,1万+,,"秒杀,满400-30",https://item.jd.com/100036339463.html,(6300+),(70+),(70+),96%
志高（CHIGO）半自动波轮洗衣机大容量 宿舍租房家用商用双桶双缸 脱水甩干机 强劲动力洗大件XPB92-8168S蓝,478,1万+,,"自营,秒杀,满400-20",https://item.jd.com/100036740519.html,(6300+),(70+),(70+),96%
志高（CHIGO）波轮全自动洗衣机家用智能洗脱一体机 出租房宿舍公寓用大容量 洗烘一体 健康桶风干 【7.5KG 智能风干 蓝光洗护 咖啡金】,578,200+,,,https://item.jd.com/10054814332744.html,(40+),0,0,90%
志高（CHIGO）迷你洗衣机洗脱一体小型内衣裤洗袜子神器家用大容量宿舍母婴儿童单身半全自动 5KG普通款【省水省电省钱+强劲动力+深层洁净】,218,2万+,,,https://item.jd.com/10051810110835.html,(3.2万+),(30+),(30+),99%
志高（CHIGO）全自动洗衣机 波轮宿舍迷你小型家用 洗烘一体 智能洗脱一体机 大容量 风干 热烘干 【4.8Kg-蓝光洗护-强动力电机】,478,10万+,,"京东物流,免邮,赠",https://item.jd.com/10035707919217.html,(10万+),(800+),(800+),97%
志高（CHIGO）全自动洗衣机 波轮宿舍迷你小型家用 洗烘一体 智能洗脱一体机 大容量 风干 热烘干 【4.8Kg-蓝光洗护-强动力电机】,478,10万+,,"京东物流,免邮,券300-10,赠",https://item.jd.com/10035707919217.html,(10万+),(800+),(800+),97%
志高（CHIGO）全自动洗衣机 波轮宿舍迷你小型家用 洗烘一体 智能洗脱一体机 大容量 风干 热烘干 【7.5Kg-主销款-蓝光洗护+强动力电机】,578,10万+,,"京东物流,免邮,赠",https://item.jd.com/11523185865.html,(10万+),(800+),(800+),97%
志高（CHIGO）全自动洗衣机 大容量 智能波轮洗脱一体机 带风干功能 7.5公斤香槟金,578,48,,"自营,满300-30",https://item.jd.com/100041095273.html,(10+),-1,-1,80%
志高（CHIGO）全自动洗衣机 大容量 智能波轮洗脱一体机 带风干功能 7.5公斤香槟金,578,48,,满300-30,https://item.jd.com/100041095273.html,(10+),-1,-1,80%
志高（CHIGO）全自动洗衣机 洗烘一体 大容量 智能波轮洗脱一体机 带风干 3.5公斤【蓝光洗护+智能风干+强动力电机】,438,50万+,,"京东物流,免邮,券100-10",https://item.jd.com/69071506138.html,(14万+),(2000+),(2000+),96%
志高（CHIGO）全自动洗衣机 洗烘一体 大容量 智能波轮洗脱一体机 带风干 4.8公斤【蓝光洗护+智能风干+强动力电机】,478,50万+,,"京东物流,免邮,券598-20",https://item.jd.com/71575007892.html,(14万+),(2000+),(2000+),96%
志高（CHIGO）全自动洗衣机 洗烘一体 大容量 智能波轮洗脱一体机 带风干 5.5公斤【蓝光洗护+智能风干+强动力电机】,518,50万+,,"京东物流,免邮,券300-40",https://item.jd.com/10021826702921.html,(14万+),(2000+),(2000+),96%
志高（CHIGO）全自动洗衣机 洗烘一体 大容量 智能波轮洗脱一体机 带风干 5.5公斤香槟金【蓝光洗护+智能风干+强动力电机】,518,50万+,,"京东物流,免邮,券300-40",https://item.jd.com/71822589610.html,(14万+),(2000+),(2000+),96%
志高（CHIGO）全自动洗衣机 洗烘一体 大容量 智能波轮洗脱一体机 带风干 6.5公斤【蓝光洗护+智能风干+强力电机】,558,50万+,,"京东物流,免邮,券500-70",https://item.jd.com/31021465259.html,(14万+),(2000+),(2000+),96%
志高（CHIGO）全自动洗衣机 洗烘一体 大容量 智能波轮洗脱一体机 带风干 6.5香槟金【蓝光洗护+智能风干+强动力电机】,558,50万+,,"京东物流,免邮,券500-80",https://item.jd.com/10022185922372.html,(14万+),(2000+),(2000+),96%
志高（CHIGO）全自动洗衣机 洗烘一体 大容量 智能波轮洗脱一体机 带风干 7.5公斤【蓝光洗护+智能风干+强动力电机】,578,50万+,,"京东物流,免邮,券500-30",https://item.jd.com/57807546974.html,(14万+),(2000+),(2000+),96%
志高（CHIGO）全自动洗衣机 洗烘一体 大容量 智能波轮洗脱一体机 带风干 7.5公斤香槟金【蓝光洗护+智能风干+强动力电机】,578,50万+,,"京东物流,免邮,券500-30",https://item.jd.com/70948504869.html,(14万+),(2000+),(2000+),96%
志高（CHIGO）全自动洗衣机 洗烘一体 大容量 智能波轮洗脱一体机 带风干 8.2公斤【蓝光洗护+智能风干+强动力电机】,598,50万+,,"京东物流,免邮,券500-40",https://item.jd.com/10041101468198.html,(14万+),(2000+),(2000+),96%
志高（CHIGO）全自动洗衣机 洗烘一体 大容量 智能波轮洗脱一体机 带风干 8.5公斤【蓝光洗护+智能风干+强动力电机】,628,50万+,,"京东物流,免邮,券888-30",https://item.jd.com/63564445341.html,(100+),0,0,98%
志高（CHIGO）洗衣机 全自动波轮洗衣机小 大容量洗烘一体 热烘干 智能洗脱一体 风干桶自洁 6.5香槟金【蓝光洗护+智能风干+强动力电机】,558,2万+,,"京东物流,免邮,券400-80",https://item.jd.com/57565264049.html,(1.2万+),(200+),(200+),95%
志高（CHIGO）洗衣机 全自动波轮洗衣机小 大容量洗烘一体 热烘干 智能洗脱一体 风干桶自洁 7.5公斤香槟金【蓝光洗护+智能风干+强动力电机】,578,2万+,,"京东物流,免邮,券100-30",https://item.jd.com/23315615323.html,(1.2万+),(200+),(200+),95%
志高（CHIGO）洗衣机全自动洗衣机波轮家用小型宿舍租房智能洗脱洗衣机洗烘一体蓝光节能 8.2KG灰,598,1000+,,"自营,满500-30",https://item.jd.com/100037591215.html,(500+),-10,-10,94%
中欧SINOEURO意大利中欧40公斤超大容量半自动双桶洗衣机家用商用工厂宾馆酒店洗大件被子防水电机 35公斤咖啡【盐水平衡脱水+防水电机+喷泉波轮】,1599,2000+,,,https://item.jd.com/10042493849491.html,(2400+),0,0,99%
